0.0    0.0
0.01745329238474369    0.0
0.03490658476948738    0.0
0.05235987715423107    0.0
0.06981316953897476    0.0
0.08726646192371845    0.0
0.10471975430846214    0.0
0.12217304669320583    0.5339999794960022
0.13962633907794952    0.0
0.15707963146269321    0.0
0.1745329238474369    3.4609999656677246
0.1919862162321806    0.0
0.20943950861692429    0.0
0.22689280100166798    0.0
0.24434609338641167    0.0
0.26179938577115536    0.0
0.27925267815589905    0.0
0.29670597054064274    0.0
0.31415926292538643    0.0
0.3316125553101301    0.0
0.3490658476948738    0.0
0.3665191400796175    0.0
0.3839724324643612    0.0
0.4014257248491049    0.0
0.41887901723384857    1.4819999933242798
0.43633230961859226    1.5089999437332153
0.45378560200333595    0.0
0.47123889438807964    0.0
0.48869218677282333    0.0
0.506145479157567    0.0
0.5235987715423107    0.0
0.5410520639270544    0.0
0.5585053563117981    0.0
0.5759586486965418    0.0
0.5934119410812855    0.0
0.6108652334660292    0.0
0.6283185258507729    0.0
0.6457718182355165    0.0
0.6632251106202602    0.0
0.6806784030050039    0.0
0.6981316953897476    0.0
0.7155849877744913    0.0
0.733038280159235    0.0
0.7504915725439787    0.0
0.7679448649287224    0.0
0.7853981573134661    0.0
0.8028514496982098    0.0
0.8203047420829535    0.0
0.8377580344676971    0.0
0.8552113268524408    0.0
0.8726646192371845    0.0
0.8901179116219282    0.0
0.9075712040066719    0.0
0.9250244963914156    0.0
0.9424777887761593    0.0
0.959931081160903    0.0
0.9773843735456467    0.0
0.9948376659303904    0.0
1.012290958315134    0.0
1.0297442506998777    0.0
1.0471975430846214    0.0
1.0646508354693651    0.0
1.0821041278541088    0.0
1.0995574202388525    0.0
1.1170107126235962    0.0
1.1344640050083399    0.0
1.1519172973930836    0.0
1.1693705897778273    0.0
1.186823882162571    0.0
1.2042771745473146    0.0
1.2217304669320583    0.0
1.239183759316802    0.0
1.2566370517015457    2.5339999198913574
1.2740903440862894    2.506999969482422
1.291543636471033    2.5139999389648438
1.3089969288557768    2.5199999809265137
1.3264502212405205    2.51200008392334
1.3439035136252642    2.496000051498413
1.3613568060100079    2.486999988555908
1.3788100983947515    2.496999979019165
1.3962633907794952    2.506999969482422
1.413716683164239    2.4760000705718994
1.4311699755489826    2.484999895095825
1.4486232679337263    2.4739999771118164
1.46607656031847    2.48799991607666
1.4835298527032137    2.4839999675750732
1.5009831450879574    2.4760000705718994
1.518436437472701    2.4820001125335693
1.5358897298574448    2.4820001125335693
1.5533430222421885    2.4820001125335693
1.5707963146269321    2.494999885559082
1.5882496070116758    2.4749999046325684
1.6057028993964195    2.493000030517578
1.6231561917811632    2.496000051498413
1.640609484165907    2.4820001125335693
1.6580627765506506    2.496999979019165
1.6755160689353943    2.496000051498413
1.692969361320138    2.509999990463257
1.7104226537048817    2.5169999599456787
1.7278759460896254    2.5160000324249268
1.745329238474369    2.5269999504089355
1.7627825308591127    2.5420000553131104
1.7802358232438564    2.5329999923706055
1.7976891156286001    2.552000045776367
1.8151424080133438    2.5859999656677246
1.8325957003980875    2.611999988555908
1.8500489927828312    2.5999999046325684
1.8675022851675749    2.6070001125335693
1.8849555775523186    2.631999969482422
1.9024088699370623    2.632999897003174
1.919862162321806    3.5829999446868896
1.9373154547065496    3.6429998874664307
1.9547687470912933    3.6389999389648438
1.972222039476037    3.7279999256134033
1.9896753318607807    3.8489999771118164
2.0071286242455244    3.7980000972747803
2.024581916630268    3.8269999027252197
2.042035209015012    0.0
2.0594885013997555    0.0
2.076941793784499    3.7039999961853027
2.094395086169243    3.688999891281128
2.1118483785539865    3.621999979019165
2.1293016709387302    0.0
2.146754963323474    4.109000205993652
2.1642082557082176    0.0
2.1816615480929613    0.0
2.199114840477705    0.0
2.2165681328624487    0.0
2.2340214252471924    0.0
2.251474717631936    0.0
2.2689280100166798    0.0
2.2863813024014235    0.0
2.303834594786167    0.0
2.321287887170911    0.0
2.3387411795556545    0.0
2.356194471940398    0.0
2.373647764325142    0.0
2.3911010567098856    0.0
2.4085543490946293    0.0
2.426007641479373    0.0
2.4434609338641167    0.0
2.4609142262488604    0.0
2.478367518633604    0.0
2.4958208110183477    0.0
2.5132741034030914    0.0
2.530727395787835    0.0
2.548180688172579    0.0
2.5656339805573225    0.0
2.583087272942066    0.0
2.60054056532681    0.0
2.6179938577115536    0.0
2.6354471500962973    0.0
2.652900442481041    0.0
2.6703537348657846    0.0
2.6878070272505283    0.0
2.705260319635272    0.0
2.7227136120200157    0.0
2.7401669044047594    0.0
2.757620196789503    0.0
2.775073489174247    0.0
2.7925267815589905    0.0
2.809980073943734    0.0
2.827433366328478    0.0
2.8448866587132215    0.0
2.8623399510979652    0.0
2.879793243482709    4.104000091552734
2.8972465358674526    4.090000152587891
2.9146998282521963    4.090000152587891
2.93215312063694    4.126999855041504
2.9496064130216837    4.099999904632568
2.9670597054064274    4.074999809265137
2.984512997791171    4.0229997634887695
3.0019662901759148    3.992000102996826
3.0194195825606585    3.9779999256134033
3.036872874945402    4.034999847412109
3.054326167330146    4.048999786376953
3.0717794597148895    3.999000072479248
3.089232752099633    4.002999782562256
3.106686044484377    4.0289998054504395
3.1241393368691206    4.039000034332275
3.1415926292538643    3.990999937057495
3.159045921638608    4.010000228881836
3.1764992140233517    4.03000020980835
3.1939525064080954    3.431999921798706
3.211405798792839    3.4079999923706055
3.2288590911775827    3.4779999256134033
3.2463123835623264    3.4719998836517334
3.26376567594707    3.489000082015991
3.281218968331814    3.5329999923706055
3.2986722607165575    3.4609999656677246
3.316125553101301    3.5420000553131104
3.333578845486045    3.5339999198913574
3.3510321378707886    3.5290000438690186
3.3684854302555323    3.561000108718872
3.385938722640276    3.5169999599456787
3.4033920150250196    3.6070001125335693
3.4208453074097633    3.630000114440918
3.438298599794507    3.5989999771118164
3.4557518921792507    0.0
3.4732051845639944    0.0
3.490658476948738    0.0
3.508111769333482    0.0
3.5255650617182255    0.0
3.543018354102969    0.0
3.560471646487713    3.8289999961853027
3.5779249388724566    3.865999937057495
3.5953782312572002    3.9519999027252197
3.612831523641944    3.86299991607666
3.6302848160266876    4.02400016784668
3.6477381084114313    4.039999961853027
3.665191400796175    4.129000186920166
3.6826446931809187    4.171999931335449
3.7000979855656624    4.195000171661377
3.717551277950406    0.0
3.7350045703351498    0.0
3.7524578627198935    0.0
3.769911155104637    0.0
3.787364447489381    0.0
3.8048177398741245    0.0
3.822271032258868    0.0
3.839724324643612    0.0
3.8571776170283556    0.0
3.8746309094130993    0.0
3.892084201797843    0.0
3.9095374941825867    0.0
3.9269907865673304    0.0
3.944444078952074    0.0
3.9618973713368177    0.0
3.9793506637215614    0.0
3.996803956106305    0.0
4.014257248491049    0.0
4.0317105408757925    0.0
4.049163833260536    0.0
4.06661712564528    0.0
4.084070418030024    0.0
4.101523710414767    0.0
4.118977002799511    0.0
4.136430295184255    0.0
4.153883587568998    1.8949999809265137
4.171336879953742    1.8919999599456787
4.188790172338486    1.847000002861023
4.206243464723229    1.8209999799728394
4.223696757107973    1.8209999799728394
4.241150049492717    1.8070000410079956
4.2586033418774605    1.784999966621399
4.276056634262204    1.7619999647140503
4.293509926646948    1.7610000371932983
4.3109632190316916    1.184000015258789
4.328416511416435    1.1740000247955322
4.345869803801179    1.149999976158142
4.363323096185923    0.8169999718666077
4.380776388570666    0.8169999718666077
4.39822968095541    0.8019999861717224
4.415682973340154    0.8169999718666077
4.433136265724897    0.4560000002384186
4.450589558109641    0.4560000002384186
4.468042850494385    0.45399999618530273
4.4854961428791285    0.4519999921321869
4.502949435263872    0.4490000009536743
4.520402727648616    0.44699999690055847
4.5378560200333595    0.44600000977516174
4.555309312418103    0.4440000057220459
4.572762604802847    0.4410000145435333
4.590215897187591    0.4399999976158142
4.607669189572334    0.43700000643730164
4.625122481957078    0.4390000104904175
4.642575774341822    0.43799999356269836
4.660029066726565    0.43700000643730164
4.677482359111309    0.43799999356269836
4.694935651496053    0.43700000643730164
4.712388943880796    0.43700000643730164
4.72984223626554    0.4350000023841858
4.747295528650284    0.43700000643730164
4.7647488210350275    0.43799999356269836
4.782202113419771    0.4390000104904175
4.799655405804515    0.4399999976158142
4.817108698189259    0.4410000145435333
4.834561990574002    0.44200000166893005
4.852015282958746    0.44200000166893005
4.86946857534349    0.44200000166893005
4.886921867728233    0.4440000057220459
4.904375160112977    0.44600000977516174
4.921828452497721    0.4490000009536743
4.939281744882464    0.4519999921321869
4.956735037267208    0.45100000500679016
4.974188329651952    0.453000009059906
4.9916416220366955    0.45500001311302185
5.009094914421439    0.4569999873638153
5.026548206806183    0.45899999141693115
5.0440014991909266    0.460999995470047
5.06145479157567    0.46299999952316284
5.078908083960414    0.46399998664855957
5.096361376345158    0.0
5.113814668729901    2.7179999351501465
5.131267961114645    2.7019999027252197
5.148721253499389    2.7300000190734863
5.166174545884132    2.749000072479248
5.183627838268876    2.7699999809265137
5.20108113065362    2.816999912261963
5.2185344230383635    2.808000087738037
5.235987715423107    2.8420000076293945
5.253441007807851    2.88100004196167
5.2708943001925945    2.8980000019073486
5.288347592577338    2.9079999923706055
5.305800884962082    2.9609999656677246
5.323254177346826    2.990000009536743
5.340707469731569    3.005000114440918
5.358160762116313    3.062999963760376
5.375614054501057    3.0810000896453857
5.3930673468858    3.124000072479248
5.410520639270544    3.177000045776367
5.427973931655288    3.200000047683716
5.445427224040031    3.2829999923706055
5.462880516424775    3.313999891281128
5.480333808809519    3.382999897003174
5.4977871011942625    3.3970000743865967
5.515240393579006    3.4600000381469727
5.53269368596375    3.5490000247955322
5.550146978348494    3.6589999198913574
5.567600270733237    3.690999984741211
5.585053563117981    1.5670000314712524
5.602506855502725    1.5080000162124634
5.619960147887468    1.4900000095367432
5.637413440272212    1.4819999933242798
5.654866732656956    0.0
5.672320025041699    0.0
5.689773317426443    1.7970000505447388
5.707226609811187    1.7549999952316284
5.7246799021959305    1.718999981880188
5.742133194580674    1.7899999618530273
5.759586486965418    0.0
5.7770397793501616    0.0
5.794493071734905    0.0
5.811946364119649    0.0
5.829399656504393    0.0
5.846852948889136    0.0
5.86430624127388    0.0
5.881759533658624    0.0
5.899212826043367    0.0
5.916666118428111    0.0
5.934119410812855    0.0
5.9515727031975985    0.0
5.969025995582342    0.0
5.986479287967086    0.0
6.0039325803518295    0.0
6.021385872736573    0.0
6.038839165121317    0.0
6.056292457506061    0.0
6.073745749890804    0.0
6.091199042275548    0.0
6.108652334660292    0.0
6.126105627045035    0.0
6.143558919429779    0.0
6.161012211814523    0.0
6.178465504199266    0.0
6.19591879658401    1.371000051498413
6.213372088968754    0.0
6.2308253813534975    2.7209999561309814
6.248278673738241    0.0
6.265731966122985    0.0
0.0    0.0
0.01745329238474369    0.0
0.03490658476948738    0.0
0.05235987715423107    0.0
0.06981316953897476    0.0
0.08726646192371845    0.0
0.10471975430846214    0.0
0.12217304669320583    0.5370000004768372
0.13962633907794952    0.0
0.15707963146269321    0.0
0.1745329238474369    3.4560000896453857
0.1919862162321806    0.0
0.20943950861692429    0.0
0.22689280100166798    0.0
0.24434609338641167    0.0
0.26179938577115536    0.0
0.27925267815589905    0.0
0.29670597054064274    0.0
0.31415926292538643    0.0
0.3316125553101301    0.0
0.3490658476948738    0.0
0.3665191400796175    0.0
0.3839724324643612    0.0
0.4014257248491049    0.0
0.41887901723384857    1.5679999589920044
0.43633230961859226    1.5019999742507935
0.45378560200333595    0.0
0.47123889438807964    0.0
0.48869218677282333    0.0
0.506145479157567    0.0
0.5235987715423107    0.0
0.5410520639270544    0.0
0.5585053563117981    0.0
0.5759586486965418    0.0
0.5934119410812855    0.0
0.6108652334660292    0.0
0.6283185258507729    0.0
0.6457718182355165    0.0
0.6632251106202602    0.0
0.6806784030050039    0.0
0.6981316953897476    0.0
0.7155849877744913    0.0
0.733038280159235    0.0
0.7504915725439787    0.0
0.7679448649287224    0.0
0.7853981573134661    0.0
0.8028514496982098    0.0
0.8203047420829535    0.0
0.8377580344676971    0.0
0.8552113268524408    0.0
0.8726646192371845    0.0
0.8901179116219282    0.0
0.9075712040066719    0.0
0.9250244963914156    0.0
0.9424777887761593    0.0
0.959931081160903    0.0
0.9773843735456467    0.0
0.9948376659303904    0.0
1.012290958315134    0.0
1.0297442506998777    0.0
1.0471975430846214    0.0
1.0646508354693651    0.0
1.0821041278541088    0.0
1.0995574202388525    0.0
1.1170107126235962    0.0
1.1344640050083399    0.0
1.1519172973930836    0.0
1.1693705897778273    0.0
1.186823882162571    0.0
1.2042771745473146    0.0
1.2217304669320583    0.0
1.239183759316802    0.0
1.2566370517015457    2.572999954223633
1.2740903440862894    2.499000072479248
1.291543636471033    2.5280001163482666
1.3089969288557768    2.5199999809265137
1.3264502212405205    2.5
1.3439035136252642    2.489000082015991
1.3613568060100079    2.4760000705718994
1.3788100983947515    2.489000082015991
1.3962633907794952    2.503000020980835
1.413716683164239    2.484999895095825
1.4311699755489826    2.490000009536743
1.4486232679337263    2.486999988555908
1.46607656031847    2.489000082015991
1.4835298527032137    2.4760000705718994
1.5009831450879574    2.4839999675750732
1.518436437472701    2.4860000610351562
1.5358897298574448    2.490000009536743
1.5533430222421885    2.4619998931884766
1.5707963146269321    2.49399995803833
1.5882496070116758    2.4830000400543213
1.6057028993964195    2.503999948501587
1.6231561917811632    2.4839999675750732
1.640609484165907    2.503999948501587
1.6580627765506506    2.509999990463257
1.6755160689353943    2.500999927520752
1.692969361320138    2.513000011444092
1.7104226537048817    2.507999897003174
1.7278759460896254    2.510999917984009
1.745329238474369    2.5320000648498535
1.7627825308591127    2.5439999103546143
1.7802358232438564    2.558000087738037
1.7976891156286001    2.556999921798706
1.8151424080133438    2.565999984741211
1.8325957003980875    2.6010000705718994
1.8500489927828312    2.609999895095825
1.8675022851675749    2.6059999465942383
1.8849555775523186    2.624000072479248
1.9024088699370623    2.6440000534057617
1.919862162321806    3.615000009536743
1.9373154547065496    3.6530001163482666
1.9547687470912933    3.686000108718872
1.972222039476037    3.6740000247955322
1.9896753318607807    3.7809998989105225
2.0071286242455244    3.86899995803833
2.024581916630268    3.7730000019073486
2.042035209015012    0.0
2.0594885013997555    0.0
2.076941793784499    3.6589999198913574
2.094395086169243    3.697000026702881
2.1118483785539865    0.0
2.1293016709387302    0.0
2.146754963323474    4.131999969482422
2.1642082557082176    0.0
2.1816615480929613    0.0
2.199114840477705    0.0
2.2165681328624487    0.0
2.2340214252471924    0.0
2.251474717631936    0.0
2.2689280100166798    0.0
2.2863813024014235    0.0
2.303834594786167    0.0
2.321287887170911    0.0
2.3387411795556545    0.0
2.356194471940398    0.0
2.373647764325142    0.0
2.3911010567098856    0.0
2.4085543490946293    0.0
2.426007641479373    0.0
2.4434609338641167    0.0
2.4609142262488604    0.0
2.478367518633604    0.0
2.4958208110183477    0.0
2.5132741034030914    0.0
2.530727395787835    0.0
2.548180688172579    0.0
2.5656339805573225    0.0
2.583087272942066    0.0
2.60054056532681    0.0
2.6179938577115536    0.0
2.6354471500962973    0.0
2.652900442481041    0.0
2.6703537348657846    0.0
2.6878070272505283    0.0
2.705260319635272    0.0
2.7227136120200157    0.0
2.7401669044047594    4.185999870300293
2.757620196789503    0.0
2.775073489174247    0.0
2.7925267815589905    0.0
2.809980073943734    0.0
2.827433366328478    0.0
2.8448866587132215    0.0
2.8623399510979652    4.125999927520752
2.879793243482709    4.119999885559082
2.8972465358674526    0.0
2.9146998282521963    4.104000091552734
2.93215312063694    4.071000099182129
2.9496064130216837    4.053999900817871
2.9670597054064274    4.001999855041504
2.984512997791171    4.046000003814697
3.0019662901759148    4.010000228881836
3.0194195825606585    4.013999938964844
3.036872874945402    3.9769999980926514
3.054326167330146    3.937999963760376
3.0717794597148895    3.9130001068115234
3.089232752099633    4.011000156402588
3.106686044484377    4.014999866485596
3.1241393368691206    4.052000045776367
3.1415926292538643    3.9110000133514404
3.159045921638608    3.950000047683716
3.1764992140233517    4.059999942779541
3.1939525064080954    3.4489998817443848
3.211405798792839    3.430999994277954
3.2288590911775827    3.440999984741211
3.2463123835623264    3.492000102996826
3.26376567594707    3.4860000610351562
3.281218968331814    3.4700000286102295
3.2986722607165575    3.4579999446868896
3.316125553101301    3.4820001125335693
3.333578845486045    3.5490000247955322
3.3510321378707886    3.572000026702881
3.3684854302555323    3.5339999198913574
3.385938722640276    3.565000057220459
3.4033920150250196    3.5859999656677246
3.4208453074097633    3.569000005722046
3.438298599794507    3.6070001125335693
3.4557518921792507    4.138999938964844
3.4732051845639944    0.0
3.490658476948738    0.0
3.508111769333482    0.0
3.5255650617182255    0.0
3.543018354102969    0.0
3.560471646487713    3.7720000743865967
3.5779249388724566    3.931999921798706
3.5953782312572002    3.9149999618530273
3.612831523641944    3.946000099182129
3.6302848160266876    3.9509999752044678
3.6477381084114313    4.0329999923706055
3.665191400796175    4.111000061035156
3.6826446931809187    4.116000175476074
3.7000979855656624    0.0
3.717551277950406    0.0
3.7350045703351498    0.0
3.7524578627198935    0.0
3.769911155104637    0.0
3.787364447489381    0.0
3.8048177398741245    0.0
3.822271032258868    0.0
3.839724324643612    0.0
3.8571776170283556    0.0
3.8746309094130993    0.0
3.892084201797843    0.0
3.9095374941825867    0.0
3.9269907865673304    0.0
3.944444078952074    0.0
3.9618973713368177    0.0
3.9793506637215614    0.0
3.996803956106305    0.0
4.014257248491049    0.0
4.0317105408757925    0.0
4.049163833260536    0.0
4.06661712564528    0.0
4.084070418030024    0.0
4.101523710414767    0.0
4.118977002799511    0.0
4.136430295184255    0.0
4.153883587568998    1.8969999551773071
4.171336879953742    1.8839999437332153
4.188790172338486    1.8539999723434448
4.206243464723229    1.8329999446868896
4.223696757107973    1.8240000009536743
4.241150049492717    1.8079999685287476
4.2586033418774605    1.784000039100647
4.276056634262204    1.7690000534057617
4.293509926646948    1.7480000257492065
4.3109632190316916    1.7319999933242798
4.328416511416435    1.5520000457763672
4.345869803801179    0.8889999985694885
4.363323096185923    0.8330000042915344
4.380776388570666    0.8349999785423279
4.39822968095541    0.8379999995231628
4.415682973340154    0.8410000205039978
4.433136265724897    0.45500001311302185
4.450589558109641    0.45500001311302185
4.468042850494385    0.453000009059906
4.4854961428791285    0.45100000500679016
4.502949435263872    0.4480000138282776
4.520402727648616    0.4449999928474426
4.5378560200333595    0.44600000977516174
4.555309312418103    0.4440000057220459
4.572762604802847    0.4399999976158142
4.590215897187591    0.43799999356269836
4.607669189572334    0.4350000023841858
4.625122481957078    0.43799999356269836
4.642575774341822    0.43799999356269836
4.660029066726565    0.43799999356269836
4.677482359111309    0.43799999356269836
4.694935651496053    0.43799999356269836
4.712388943880796    0.43799999356269836
4.72984223626554    0.4359999895095825
4.747295528650284    0.43799999356269836
4.7647488210350275    0.43799999356269836
4.782202113419771    0.4390000104904175
4.799655405804515    0.4390000104904175
4.817108698189259    0.4399999976158142
4.834561990574002    0.44200000166893005
4.852015282958746    0.44200000166893005
4.86946857534349    0.4429999887943268
4.886921867728233    0.4440000057220459
4.904375160112977    0.44600000977516174
4.921828452497721    0.4480000138282776
4.939281744882464    0.4519999921321869
4.956735037267208    0.45100000500679016
4.974188329651952    0.453000009059906
4.9916416220366955    0.45500001311302185
5.009094914421439    0.4560000002384186
5.026548206806183    0.45899999141693115
5.0440014991909266    0.460999995470047
5.06145479157567    0.4620000123977661
5.078908083960414    0.46399998664855957
5.096361376345158    0.0
5.113814668729901    2.74399995803833
5.131267961114645    2.7090001106262207
5.148721253499389    2.7249999046325684
5.166174545884132    2.753999948501587
5.183627838268876    2.7690000534057617
5.20108113065362    2.7990000247955322
5.2185344230383635    2.815000057220459
5.235987715423107    2.8359999656677246
5.253441007807851    2.875
5.2708943001925945    2.8970000743865967
5.288347592577338    2.9189999103546143
5.305800884962082    2.9679999351501465
5.323254177346826    2.9749999046325684
5.340707469731569    3.0190000534057617
5.358160762116313    3.055999994277954
5.375614054501057    3.0969998836517334
5.3930673468858    3.115000009536743
5.410520639270544    3.180999994277954
5.427973931655288    3.242000102996826
5.445427224040031    3.2790000438690186
5.462880516424775    3.3299999237060547
5.480333808809519    3.3350000381469727
5.4977871011942625    3.4059998989105225
5.515240393579006    3.436000108718872
5.53269368596375    3.5480000972747803
5.550146978348494    3.5510001182556152
5.567600270733237    3.6730000972747803
5.585053563117981    1.5490000247955322
5.602506855502725    1.5160000324249268
5.619960147887468    1.5019999742507935
5.637413440272212    1.4869999885559082
5.654866732656956    0.0
5.672320025041699    0.0
5.689773317426443    1.774999976158142
5.707226609811187    1.7640000581741333
5.7246799021959305    1.7289999723434448
5.742133194580674    1.781000018119812
5.759586486965418    0.0
5.7770397793501616    0.0
5.794493071734905    0.0
5.811946364119649    0.0
5.829399656504393    0.0
5.846852948889136    0.0
5.86430624127388    0.0
5.881759533658624    0.0
5.899212826043367    0.0
5.916666118428111    0.0
5.934119410812855    0.0
5.9515727031975985    0.0
5.969025995582342    0.0
5.986479287967086    0.0
6.0039325803518295    0.0
6.021385872736573    0.0
6.038839165121317    0.0
6.056292457506061    0.0
6.073745749890804    0.0
6.091199042275548    0.0
6.108652334660292    0.0
6.126105627045035    0.0
6.143558919429779    0.0
6.161012211814523    0.0
6.178465504199266    0.0
6.19591879658401    1.3680000305175781
6.213372088968754    0.0
6.2308253813534975    2.7360000610351562
6.248278673738241    0.0
6.265731966122985    0.0
0.0    0.0
0.01745329238474369    0.0
0.03490658476948738    0.0
0.05235987715423107    0.0
0.06981316953897476    0.0
0.08726646192371845    0.0
0.10471975430846214    0.0
0.12217304669320583    0.5270000100135803
0.13962633907794952    0.0
0.15707963146269321    0.0
0.1745329238474369    3.3959999084472656
0.1919862162321806    0.0
0.20943950861692429    0.0
0.22689280100166798    0.0
0.24434609338641167    0.0
0.26179938577115536    0.0
0.27925267815589905    0.0
0.29670597054064274    0.0
0.31415926292538643    0.0
0.3316125553101301    0.0
0.3490658476948738    0.0
0.3665191400796175    0.0
0.3839724324643612    0.0
0.4014257248491049    0.0
0.41887901723384857    0.0
0.43633230961859226    1.4769999980926514
0.45378560200333595    0.0
0.47123889438807964    0.0
0.48869218677282333    0.0
0.506145479157567    0.0
0.5235987715423107    0.0
0.5410520639270544    0.0
0.5585053563117981    0.0
0.5759586486965418    0.0
0.5934119410812855    0.0
0.6108652334660292    0.0
0.6283185258507729    0.0
0.6457718182355165    0.0
0.6632251106202602    0.0
0.6806784030050039    0.0
0.6981316953897476    0.0
0.7155849877744913    0.0
0.733038280159235    0.0
0.7504915725439787    0.0
0.7679448649287224    0.0
0.7853981573134661    0.0
0.8028514496982098    0.0
0.8203047420829535    0.0
0.8377580344676971    0.0
0.8552113268524408    0.0
0.8726646192371845    0.0
0.8901179116219282    0.0
0.9075712040066719    0.0
0.9250244963914156    0.0
0.9424777887761593    0.0
0.959931081160903    0.0
0.9773843735456467    0.0
0.9948376659303904    0.0
1.012290958315134    0.0
1.0297442506998777    0.0
1.0471975430846214    0.0
1.0646508354693651    0.0
1.0821041278541088    0.0
1.0995574202388525    0.0
1.1170107126235962    0.0
1.1344640050083399    0.0
1.1519172973930836    0.0
1.1693705897778273    0.0
1.186823882162571    0.0
1.2042771745473146    0.0
1.2217304669320583    0.0
1.239183759316802    0.0
1.2566370517015457    2.5420000553131104
1.2740903440862894    2.5250000953674316
1.291543636471033    2.499000072479248
1.3089969288557768    2.497999906539917
1.3264502212405205    2.5239999294281006
1.3439035136252642    2.493000030517578
1.3613568060100079    2.4630000591278076
1.3788100983947515    2.502000093460083
1.3962633907794952    2.503999948501587
1.413716683164239    2.493000030517578
1.4311699755489826    2.493000030517578
1.4486232679337263    2.4769999980926514
1.46607656031847    2.490000009536743
1.4835298527032137    2.4700000286102295
1.5009831450879574    2.4839999675750732
1.518436437472701    2.4779999256134033
1.5358897298574448    2.494999885559082
1.5533430222421885    2.4830000400543213
1.5707963146269321    2.4860000610351562
1.5882496070116758    2.4830000400543213
1.6057028993964195    2.4670000076293945
1.6231561917811632    2.4809999465942383
1.640609484165907    2.4830000400543213
1.6580627765506506    2.4860000610351562
1.6755160689353943    2.494999885559082
1.692969361320138    2.509999990463257
1.7104226537048817    2.513000011444092
1.7278759460896254    2.5199999809265137
1.745329238474369    2.5299999713897705
1.7627825308591127    2.5369999408721924
1.7802358232438564    2.5290000438690186
1.7976891156286001    2.565000057220459
1.8151424080133438    2.5759999752044678
1.8325957003980875    2.5850000381469727
1.8500489927828312    2.5869998931884766
1.8675022851675749    2.5969998836517334
1.8849555775523186    2.611999988555908
1.9024088699370623    2.63700008392334
1.919862162321806    3.6010000705718994
1.9373154547065496    3.684999942779541
1.9547687470912933    3.6019999980926514
1.972222039476037    3.680999994277954
1.9896753318607807    3.7309999465942383
2.0071286242455244    3.8289999961853027
2.024581916630268    3.8489999771118164
2.042035209015012    3.802999973297119
2.0594885013997555    0.0
2.076941793784499    3.640000104904175
2.094395086169243    3.7149999141693115
2.1118483785539865    0.0
2.1293016709387302    0.0
2.146754963323474    0.0
2.1642082557082176    0.0
2.1816615480929613    0.0
2.199114840477705    0.0
2.2165681328624487    0.0
2.2340214252471924    0.0
2.251474717631936    0.0
2.2689280100166798    0.0
2.2863813024014235    0.0
2.303834594786167    0.0
2.321287887170911    0.0
2.3387411795556545    0.0
2.356194471940398    0.0
2.373647764325142    0.0
2.3911010567098856    0.0
2.4085543490946293    0.0
2.426007641479373    0.0
2.4434609338641167    0.0
2.4609142262488604    0.0
2.478367518633604    0.0
2.4958208110183477    0.0
2.5132741034030914    0.0
2.530727395787835    0.0
2.548180688172579    0.0
2.5656339805573225    0.0
2.583087272942066    0.0
2.60054056532681    0.0
2.6179938577115536    0.0
2.6354471500962973    0.0
2.652900442481041    0.0
2.6703537348657846    0.0
2.6878070272505283    0.0
2.705260319635272    0.0
2.7227136120200157    0.0
2.7401669044047594    0.0
2.757620196789503    0.0
2.775073489174247    0.0
2.7925267815589905    4.169000148773193
2.809980073943734    0.0
2.827433366328478    4.0980000495910645
2.8448866587132215    0.0
2.8623399510979652    4.197000026702881
2.879793243482709    4.103000164031982
2.8972465358674526    4.150000095367432
2.9146998282521963    4.114999771118164
2.93215312063694    4.034999847412109
2.9496064130216837    4.138999938964844
2.9670597054064274    4.065999984741211
2.984512997791171    3.9700000286102295
3.0019662901759148    4.0970001220703125
3.0194195825606585    3.994999885559082
3.036872874945402    3.946000099182129
3.054326167330146    4.061999797821045
3.0717794597148895    3.931999921798706
3.089232752099633    3.9140000343322754
3.106686044484377    3.9719998836517334
3.1241393368691206    4.060999870300293
3.1415926292538643    3.9779999256134033
3.159045921638608    3.930999994277954
3.1764992140233517    4.017000198364258
3.1939525064080954    3.440999984741211
3.211405798792839    3.447000026702881
3.2288590911775827    3.444000005722046
3.2463123835623264    3.438999891281128
3.26376567594707    3.5169999599456787
3.281218968331814    3.5160000324249268
3.2986722607165575    3.4679999351501465
3.316125553101301    3.493000030517578
3.333578845486045    3.5160000324249268
3.3510321378707886    3.5380001068115234
3.3684854302555323    3.5339999198913574
3.385938722640276    3.561000108718872
3.4033920150250196    3.611999988555908
3.4208453074097633    3.611999988555908
3.438298599794507    3.634000062942505
3.4557518921792507    4.183000087738037
3.4732051845639944    0.0
3.490658476948738    0.0
3.508111769333482    0.0
3.5255650617182255    0.0
3.543018354102969    0.0
3.560471646487713    3.8340001106262207
3.5779249388724566    3.9040000438690186
3.5953782312572002    3.8580000400543213
3.612831523641944    3.9049999713897705
3.6302848160266876    4.011000156402588
3.6477381084114313    4.044000148773193
3.665191400796175    4.11899995803833
3.6826446931809187    0.0
3.7000979855656624    4.164999961853027
3.717551277950406    0.0
3.7350045703351498    0.0
3.7524578627198935    0.0
3.769911155104637    0.0
3.787364447489381    0.0
3.8048177398741245    0.0
3.822271032258868    0.0
3.839724324643612    0.0
3.8571776170283556    0.0
3.8746309094130993    0.0
3.892084201797843    0.0
3.9095374941825867    0.0
3.9269907865673304    0.0
3.944444078952074    0.0
3.9618973713368177    0.0
3.9793506637215614    0.0
3.996803956106305    0.0
4.014257248491049    0.0
4.0317105408757925    0.0
4.049163833260536    0.0
4.06661712564528    0.0
4.084070418030024    0.0
4.101523710414767    0.0
4.118977002799511    0.0
4.136430295184255    0.0
4.153883587568998    1.8949999809265137
4.171336879953742    1.8730000257492065
4.188790172338486    1.8550000190734863
4.206243464723229    1.8240000009536743
4.223696757107973    1.809999942779541
4.241150049492717    1.8040000200271606
4.2586033418774605    1.7920000553131104
4.276056634262204    1.7649999856948853
4.293509926646948    1.7339999675750732
4.3109632190316916    1.7330000400543213
4.328416511416435    1.7380000352859497
4.345869803801179    0.8209999799728394
4.363323096185923    0.8209999799728394
4.380776388570666    0.8109999895095825
4.39822968095541    0.8109999895095825
4.415682973340154    0.8240000009536743
4.433136265724897    0.4569999873638153
4.450589558109641    0.4569999873638153
4.468042850494385    0.45399999618530273
4.4854961428791285    0.4519999921321869
4.502949435263872    0.4490000009536743
4.520402727648616    0.44600000977516174
4.5378560200333595    0.4480000138282776
4.555309312418103    0.44699999690055847
4.572762604802847    0.4440000057220459
4.590215897187591    0.4399999976158142
4.607669189572334    0.43799999356269836
4.625122481957078    0.4410000145435333
4.642575774341822    0.4399999976158142
4.660029066726565    0.4390000104904175
4.677482359111309    0.4390000104904175
4.694935651496053    0.4390000104904175
4.712388943880796    0.4399999976158142
4.72984223626554    0.43799999356269836
4.747295528650284    0.4390000104904175
4.7647488210350275    0.4399999976158142
4.782202113419771    0.4399999976158142
4.799655405804515    0.4399999976158142
4.817108698189259    0.4410000145435333
4.834561990574002    0.4410000145435333
4.852015282958746    0.4429999887943268
4.86946857534349    0.4440000057220459
4.886921867728233    0.4449999928474426
4.904375160112977    0.44600000977516174
4.921828452497721    0.4490000009536743
4.939281744882464    0.45100000500679016
4.956735037267208    0.453000009059906
4.974188329651952    0.45500001311302185
4.9916416220366955    0.4569999873638153
5.009094914421439    0.45899999141693115
5.026548206806183    0.460999995470047
5.0440014991909266    0.46399998664855957
5.06145479157567    0.46700000762939453
5.078908083960414    0.4740000069141388
5.096361376345158    0.0
5.113814668729901    2.7219998836517334
5.131267961114645    2.7149999141693115
5.148721253499389    2.7239999771118164
5.166174545884132    2.759000062942505
5.183627838268876    2.763000011444092
5.20108113065362    2.802999973297119
5.2185344230383635    2.8310000896453857
5.235987715423107    2.8469998836517334
5.253441007807851    2.871000051498413
5.2708943001925945    2.9010000228881836
5.288347592577338    2.937999963760376
5.305800884962082    2.9660000801086426
5.323254177346826    2.98799991607666
5.340707469731569    3.0280001163482666
5.358160762116313    3.056999921798706
5.375614054501057    3.127000093460083
5.3930673468858    3.1410000324249268
5.410520639270544    3.180999994277954
5.427973931655288    3.2360000610351562
5.445427224040031    3.263000011444092
5.462880516424775    3.316999912261963
5.480333808809519    3.368000030517578
5.4977871011942625    3.4110000133514404
5.515240393579006    3.444999933242798
5.53269368596375    3.5409998893737793
5.550146978348494    3.614000082015991
5.567600270733237    3.687999963760376
5.585053563117981    1.5670000314712524
5.602506855502725    1.5080000162124634
5.619960147887468    1.4980000257492065
5.637413440272212    1.496999979019165
5.654866732656956    0.0
5.672320025041699    1.746999979019165
5.689773317426443    1.781999945640564
5.707226609811187    1.7419999837875366
5.7246799021959305    1.774999976158142
5.742133194580674    1.7339999675750732
5.759586486965418    0.0
5.7770397793501616    0.0
5.794493071734905    0.0
5.811946364119649    0.0
5.829399656504393    0.0
5.846852948889136    0.0
5.86430624127388    0.0
5.881759533658624    0.0
5.899212826043367    0.0
5.916666118428111    0.0
5.934119410812855    0.0
5.9515727031975985    0.0
5.969025995582342    0.0
5.986479287967086    0.0
6.0039325803518295    0.0
6.021385872736573    0.0
6.038839165121317    0.0
6.056292457506061    0.0
6.073745749890804    0.0
6.091199042275548    0.0
6.108652334660292    0.0
6.126105627045035    0.0
6.143558919429779    0.0
6.161012211814523    0.0
6.178465504199266    0.0
6.19591879658401    1.3600000143051147
6.213372088968754    0.0
6.2308253813534975    2.7339999675750732
6.248278673738241    0.0
6.265731966122985    0.0
0.0    0.0
0.01745329238474369    0.0
0.03490658476948738    0.0
0.05235987715423107    0.0
0.06981316953897476    0.0
0.08726646192371845    0.0
0.10471975430846214    0.0
0.12217304669320583    0.531000018119812
0.13962633907794952    0.0
0.15707963146269321    0.0
0.1745329238474369    3.5169999599456787
0.1919862162321806    0.0
0.20943950861692429    0.0
0.22689280100166798    0.0
0.24434609338641167    0.0
0.26179938577115536    0.0
0.27925267815589905    0.0
0.29670597054064274    0.0
0.31415926292538643    0.0
0.3316125553101301    0.0
0.3490658476948738    0.0
0.3665191400796175    0.0
0.3839724324643612    0.0
0.4014257248491049    0.0
0.41887901723384857    1.5329999923706055
0.43633230961859226    1.4839999675750732
0.45378560200333595    0.0
0.47123889438807964    0.0
0.48869218677282333    0.0
0.506145479157567    0.0
0.5235987715423107    0.0
0.5410520639270544    0.0
0.5585053563117981    0.0
0.5759586486965418    0.0
0.5934119410812855    0.0
0.6108652334660292    0.0
0.6283185258507729    0.0
0.6457718182355165    0.0
0.6632251106202602    0.0
0.6806784030050039    0.0
0.6981316953897476    0.0
0.7155849877744913    0.0
0.733038280159235    0.0
0.7504915725439787    0.0
0.7679448649287224    0.0
0.7853981573134661    0.0
0.8028514496982098    0.0
0.8203047420829535    0.0
0.8377580344676971    0.0
0.8552113268524408    0.0
0.8726646192371845    0.0
0.8901179116219282    0.0
0.9075712040066719    0.0
0.9250244963914156    0.0
0.9424777887761593    0.0
0.959931081160903    0.0
0.9773843735456467    0.0
0.9948376659303904    0.0
1.012290958315134    0.0
1.0297442506998777    0.0
1.0471975430846214    0.0
1.0646508354693651    0.0
1.0821041278541088    0.0
1.0995574202388525    0.0
1.1170107126235962    0.0
1.1344640050083399    0.0
1.1519172973930836    0.0
1.1693705897778273    0.0
1.186823882162571    0.0
1.2042771745473146    0.0
1.2217304669320583    0.0
1.239183759316802    0.0
1.2566370517015457    2.5439999103546143
1.2740903440862894    2.553999900817871
1.291543636471033    2.5309998989105225
1.3089969288557768    2.509999990463257
1.3264502212405205    2.490000009536743
1.3439035136252642    2.489000082015991
1.3613568060100079    2.4769999980926514
1.3788100983947515    2.492000102996826
1.3962633907794952    2.500999927520752
1.413716683164239    2.4809999465942383
1.4311699755489826    2.4769999980926514
1.4486232679337263    2.4860000610351562
1.46607656031847    2.493000030517578
1.4835298527032137    2.4690001010894775
1.5009831450879574    2.4690001010894775
1.518436437472701    2.490999937057495
1.5358897298574448    2.48799991607666
1.5533430222421885    2.4709999561309814
1.5707963146269321    2.496000051498413
1.5882496070116758    2.4730000495910645
1.6057028993964195    2.486999988555908
1.6231561917811632    2.5
1.640609484165907    2.48799991607666
1.6580627765506506    2.492000102996826
1.6755160689353943    2.497999906539917
1.692969361320138    2.509999990463257
1.7104226537048817    2.509999990463257
1.7278759460896254    2.515000104904175
1.745329238474369    2.5350000858306885
1.7627825308591127    2.5380001068115234
1.7802358232438564    2.549999952316284
1.7976891156286001    2.563999891281128
1.8151424080133438    2.5889999866485596
1.8325957003980875    2.5989999771118164
1.8500489927828312    2.5929999351501465
1.8675022851675749    2.615000009536743
1.8849555775523186    2.625999927520752
1.9024088699370623    2.6429998874664307
1.919862162321806    3.552000045776367
1.9373154547065496    3.6440000534057617
1.9547687470912933    3.6510000228881836
1.972222039476037    3.7200000286102295
1.9896753318607807    3.7850000858306885
2.0071286242455244    3.816999912261963
2.024581916630268    3.871999979019165
2.042035209015012    0.0
2.0594885013997555    0.0
2.076941793784499    3.568000078201294
2.094395086169243    3.688999891281128
2.1118483785539865    3.7090001106262207
2.1293016709387302    0.0
2.146754963323474    4.072999954223633
2.1642082557082176    0.0
2.1816615480929613    0.0
2.199114840477705    0.0
2.2165681328624487    0.0
2.2340214252471924    0.0
2.251474717631936    0.0
2.2689280100166798    0.0
2.2863813024014235    0.0
2.303834594786167    0.0
2.321287887170911    0.0
2.3387411795556545    0.0
2.356194471940398    0.0
2.373647764325142    0.0
2.3911010567098856    0.0
2.4085543490946293    0.0
2.426007641479373    0.0
2.4434609338641167    0.0
2.4609142262488604    0.0
2.478367518633604    0.0
2.4958208110183477    0.0
2.5132741034030914    0.0
2.530727395787835    0.0
2.548180688172579    0.0
2.5656339805573225    0.0
2.583087272942066    0.0
2.60054056532681    0.0
2.6179938577115536    0.0
2.6354471500962973    0.0
2.652900442481041    0.0
2.6703537348657846    0.0
2.6878070272505283    0.0
2.705260319635272    0.0
2.7227136120200157    0.0
2.7401669044047594    0.0
2.757620196789503    4.191999912261963
2.775073489174247    0.0
2.7925267815589905    4.185999870300293
2.809980073943734    0.0
2.827433366328478    4.131999969482422
2.8448866587132215    4.197000026702881
2.8623399510979652    4.10699987411499
2.879793243482709    4.173999786376953
2.8972465358674526    4.067999839782715
2.9146998282521963    4.080999851226807
2.93215312063694    4.033999919891357
2.9496064130216837    4.046999931335449
2.9670597054064274    4.043000221252441
2.984512997791171    4.133999824523926
3.0019662901759148    4.0920000076293945
3.0194195825606585    4.076000213623047
3.036872874945402    4.021999835968018
3.054326167330146    3.9200000762939453
3.0717794597148895    4.01800012588501
3.089232752099633    3.947000026702881
3.106686044484377    3.9570000171661377
3.1241393368691206    4.0370001792907715
3.1415926292538643    3.9549999237060547
3.159045921638608    3.9860000610351562
3.1764992140233517    4.0
3.1939525064080954    3.4509999752044678
3.211405798792839    3.4590001106262207
3.2288590911775827    3.447999954223633
3.2463123835623264    3.4639999866485596
3.26376567594707    3.500999927520752
3.281218968331814    3.450000047683716
3.2986722607165575    3.4639999866485596
3.316125553101301    3.489000082015991
3.333578845486045    3.4660000801086426
3.3510321378707886    3.5759999752044678
3.3684854302555323    3.5850000381469727
3.385938722640276    3.5329999923706055
3.4033920150250196    3.5810000896453857
3.4208453074097633    3.5869998931884766
3.438298599794507    3.5929999351501465
3.4557518921792507    0.0
3.4732051845639944    0.0
3.490658476948738    0.0
3.508111769333482    0.0
3.5255650617182255    0.0
3.543018354102969    3.746000051498413
3.560471646487713    3.805000066757202
3.5779249388724566    3.941999912261963
3.5953782312572002    3.9579999446868896
3.612831523641944    3.874000072479248
3.6302848160266876    3.953000068664551
3.6477381084114313    3.9170000553131104
3.665191400796175    4.135000228881836
3.6826446931809187    4.189000129699707
3.7000979855656624    4.063000202178955
3.717551277950406    0.0
3.7350045703351498    0.0
3.7524578627198935    0.0
3.769911155104637    0.0
3.787364447489381    0.0
3.8048177398741245    0.0
3.822271032258868    0.0
3.839724324643612    0.0
3.8571776170283556    0.0
3.8746309094130993    0.0
3.892084201797843    0.0
3.9095374941825867    0.0
3.9269907865673304    0.0
3.944444078952074    0.0
3.9618973713368177    0.0
3.9793506637215614    0.0
3.996803956106305    0.0
4.014257248491049    0.0
4.0317105408757925    0.0
4.049163833260536    0.0
4.06661712564528    0.0
4.084070418030024    0.0
4.101523710414767    0.0
4.118977002799511    0.0
4.136430295184255    0.0
4.153883587568998    1.9010000228881836
4.171336879953742    1.88100004196167
4.188790172338486    1.8509999513626099
4.206243464723229    1.8240000009536743
4.223696757107973    1.8140000104904175
4.241150049492717    1.8079999685287476
4.2586033418774605    1.774999976158142
4.276056634262204    1.7680000066757202
4.293509926646948    1.7419999837875366
4.3109632190316916    1.7239999771118164
4.328416511416435    1.1150000095367432
4.345869803801179    0.8299999833106995
4.363323096185923    0.8299999833106995
4.380776388570666    0.8149999976158142
4.39822968095541    0.8130000233650208
4.415682973340154    0.44200000166893005
4.433136265724897    0.44999998807907104
4.450589558109641    0.45899999141693115
4.468042850494385    0.4580000042915344
4.4854961428791285    0.453000009059906
4.502949435263872    0.45100000500679016
4.520402727648616    0.4480000138282776
4.5378560200333595    0.4480000138282776
4.555309312418103    0.44699999690055847
4.572762604802847    0.4429999887943268
4.590215897187591    0.44200000166893005
4.607669189572334    0.4410000145435333
4.625122481957078    0.4399999976158142
4.642575774341822    0.4399999976158142
4.660029066726565    0.4390000104904175
4.677482359111309    0.43799999356269836
4.694935651496053    0.43700000643730164
4.712388943880796    0.4350000023841858
4.72984223626554    0.4390000104904175
4.747295528650284    0.4390000104904175
4.7647488210350275    0.4399999976158142
4.782202113419771    0.4399999976158142
4.799655405804515    0.4410000145435333
4.817108698189259    0.44200000166893005
4.834561990574002    0.44200000166893005
4.852015282958746    0.4429999887943268
4.86946857534349    0.4440000057220459
4.886921867728233    0.44600000977516174
4.904375160112977    0.44699999690055847
4.921828452497721    0.4490000009536743
4.939281744882464    0.44999998807907104
4.956735037267208    0.453000009059906
4.974188329651952    0.45399999618530273
4.9916416220366955    0.4560000002384186
5.009094914421439    0.45899999141693115
5.026548206806183    0.4620000123977661
5.0440014991909266    0.4650000035762787
5.06145479157567    0.46700000762939453
5.078908083960414    0.0
5.096361376345158    0.0
5.113814668729901    2.7179999351501465
5.131267961114645    2.7260000705718994
5.148721253499389    2.7239999771118164
5.166174545884132    2.7730000019073486
5.183627838268876    2.7780001163482666
5.20108113065362    2.805000066757202
5.2185344230383635    2.816999912261963
5.235987715423107    2.8450000286102295
5.253441007807851    2.868000030517578
5.2708943001925945    2.9000000953674316
5.288347592577338    2.931999921798706
5.305800884962082    2.9630000591278076
5.323254177346826    2.99399995803833
5.340707469731569    3.0350000858306885
5.358160762116313    3.072999954223633
5.375614054501057    3.118000030517578
5.3930673468858    3.118000030517578
5.410520639270544    3.180999994277954
5.427973931655288    3.2260000705718994
5.445427224040031    3.2980000972747803
5.462880516424775    3.3359999656677246
5.480333808809519    3.3459999561309814
5.4977871011942625    3.431999921798706
5.515240393579006    3.51200008392334
5.53269368596375    3.5139999389648438
5.550146978348494    3.5999999046325684
5.567600270733237    3.7100000381469727
5.585053563117981    3.812000036239624
5.602506855502725    1.5640000104904175
5.619960147887468    1.5429999828338623
5.637413440272212    1.534000039100647
5.654866732656956    1.5889999866485596
5.672320025041699    1.8480000495910645
5.689773317426443    1.7869999408721924
5.707226609811187    1.7730000019073486
5.7246799021959305    1.7829999923706055
5.742133194580674    0.0
5.759586486965418    0.0
5.7770397793501616    0.0
5.794493071734905    0.0
5.811946364119649    0.0
5.829399656504393    0.0
5.846852948889136    0.0
5.86430624127388    0.0
5.881759533658624    0.0
5.899212826043367    0.0
5.916666118428111    0.0
5.934119410812855    0.0
5.9515727031975985    0.0
5.969025995582342    0.0
5.986479287967086    0.0
6.0039325803518295    0.0
6.021385872736573    0.0
6.038839165121317    0.0
6.056292457506061    0.0
6.073745749890804    0.0
6.091199042275548    0.0
6.108652334660292    0.0
6.126105627045035    0.0
6.143558919429779    0.0
6.161012211814523    0.0
6.178465504199266    0.0
6.19591879658401    1.3650000095367432
6.213372088968754    0.0
6.2308253813534975    2.7269999980926514
6.248278673738241    0.0
6.265731966122985    0.0
0.0    0.0
0.01745329238474369    0.0
0.03490658476948738    0.0
0.05235987715423107    0.0
0.06981316953897476    0.0
0.08726646192371845    0.0
0.10471975430846214    0.0
0.12217304669320583    0.5270000100135803
0.13962633907794952    0.0
0.15707963146269321    0.0
0.1745329238474369    0.0
0.1919862162321806    0.0
0.20943950861692429    0.0
0.22689280100166798    0.0
0.24434609338641167    0.0
0.26179938577115536    0.0
0.27925267815589905    0.0
0.29670597054064274    0.0
0.31415926292538643    0.0
0.3316125553101301    0.0
0.3490658476948738    0.0
0.3665191400796175    0.0
0.3839724324643612    0.0
0.4014257248491049    0.0
0.41887901723384857    0.0
0.43633230961859226    1.4930000305175781
0.45378560200333595    1.434999942779541
0.47123889438807964    0.0
0.48869218677282333    0.0
0.506145479157567    0.0
0.5235987715423107    0.0
0.5410520639270544    0.0
0.5585053563117981    0.0
0.5759586486965418    0.0
0.5934119410812855    0.0
0.6108652334660292    0.0
0.6283185258507729    0.0
0.6457718182355165    0.0
0.6632251106202602    0.0
0.6806784030050039    0.0
0.6981316953897476    0.0
0.7155849877744913    0.0
0.733038280159235    0.0
0.7504915725439787    0.0
0.7679448649287224    0.0
0.7853981573134661    0.0
0.8028514496982098    0.0
0.8203047420829535    0.0
0.8377580344676971    0.0
0.8552113268524408    0.0
0.8726646192371845    0.0
0.8901179116219282    0.0
0.9075712040066719    0.0
0.9250244963914156    0.0
0.9424777887761593    0.0
0.959931081160903    0.0
0.9773843735456467    0.0
0.9948376659303904    0.0
1.012290958315134    0.0
1.0297442506998777    0.0
1.0471975430846214    0.0
1.0646508354693651    0.0
1.0821041278541088    0.0
1.0995574202388525    0.0
1.1170107126235962    0.0
1.1344640050083399    0.0
1.1519172973930836    0.0
1.1693705897778273    0.0
1.186823882162571    0.0
1.2042771745473146    0.0
1.2217304669320583    0.0
1.239183759316802    0.0
1.2566370517015457    2.50600004196167
1.2740903440862894    2.5
1.291543636471033    2.513000011444092
1.3089969288557768    2.5230000019073486
1.3264502212405205    2.497999906539917
1.3439035136252642    2.493000030517578
1.3613568060100079    2.4800000190734863
1.3788100983947515    2.50600004196167
1.3962633907794952    2.50600004196167
1.413716683164239    2.4769999980926514
1.4311699755489826    2.4800000190734863
1.4486232679337263    2.4800000190734863
1.46607656031847    2.4860000610351562
1.4835298527032137    2.4749999046325684
1.5009831450879574    2.4830000400543213
1.518436437472701    2.490000009536743
1.5358897298574448    2.49399995803833
1.5533430222421885    2.4739999771118164
1.5707963146269321    2.48799991607666
1.5882496070116758    2.4820001125335693
1.6057028993964195    2.490000009536743
1.6231561917811632    2.490999937057495
1.640609484165907    2.506999969482422
1.6580627765506506    2.48799991607666
1.6755160689353943    2.50600004196167
1.692969361320138    2.509999990463257
1.7104226537048817    2.509999990463257
1.7278759460896254    2.5169999599456787
1.745329238474369    2.5339999198913574
1.7627825308591127    2.5350000858306885
1.7802358232438564    2.5250000953674316
1.7976891156286001    2.5490000247955322
1.8151424080133438    2.5950000286102295
1.8325957003980875    2.5989999771118164
1.8500489927828312    2.5920000076293945
1.8675022851675749    2.6080000400543213
1.8849555775523186    2.6089999675750732
1.9024088699370623    2.634000062942505
1.919862162321806    3.572999954223633
1.9373154547065496    3.6510000228881836
1.9547687470912933    3.678999900817871
1.972222039476037    3.6730000972747803
1.9896753318607807    3.7090001106262207
2.0071286242455244    3.7079999446868896
2.024581916630268    3.859999895095825
2.042035209015012    3.878999948501587
2.0594885013997555    0.0
2.076941793784499    3.6110000610351562
2.094395086169243    3.6500000953674316
2.1118483785539865    0.0
2.1293016709387302    0.0
2.146754963323474    3.9119999408721924
2.1642082557082176    0.0
2.1816615480929613    0.0
2.199114840477705    0.0
2.2165681328624487    0.0
2.2340214252471924    0.0
2.251474717631936    0.0
2.2689280100166798    0.0
2.2863813024014235    0.0
2.303834594786167    0.0
2.321287887170911    0.0
2.3387411795556545    0.0
2.356194471940398    0.0
2.373647764325142    0.0
2.3911010567098856    0.0
2.4085543490946293    0.0
2.426007641479373    0.0
2.4434609338641167    0.0
2.4609142262488604    0.0
2.478367518633604    0.0
2.4958208110183477    0.0
2.5132741034030914    0.0
2.530727395787835    0.0
2.548180688172579    0.0
2.5656339805573225    0.0
2.583087272942066    0.0
2.60054056532681    0.0
2.6179938577115536    0.0
2.6354471500962973    0.0
2.652900442481041    0.0
2.6703537348657846    0.0
2.6878070272505283    0.0
2.705260319635272    0.0
2.7227136120200157    0.0
2.7401669044047594    0.0
2.757620196789503    0.0
2.775073489174247    0.0
2.7925267815589905    4.164000034332275
2.809980073943734    0.0
2.827433366328478    4.144999980926514
2.8448866587132215    4.191999912261963
2.8623399510979652    4.14300012588501
2.879793243482709    0.0
2.8972465358674526    4.188000202178955
2.9146998282521963    4.0980000495910645
2.93215312063694    4.051000118255615
2.9496064130216837    4.068999767303467
2.9670597054064274    4.043000221252441
2.984512997791171    4.10099983215332
3.0019662901759148    4.043000221252441
3.0194195825606585    4.083000183105469
3.036872874945402    4.047999858856201
3.054326167330146    3.996999979019165
3.0717794597148895    4.098999977111816
3.089232752099633    3.996000051498413
3.106686044484377    4.047999858856201
3.1241393368691206    3.9570000171661377
3.1415926292538643    3.940999984741211
3.159045921638608    4.065000057220459
3.1764992140233517    4.020999908447266
3.1939525064080954    3.4639999866485596
3.211405798792839    3.428999900817871
3.2288590911775827    3.4600000381469727
3.2463123835623264    3.4670000076293945
3.26376567594707    3.506999969482422
3.281218968331814    3.4800000190734863
3.2986722607165575    3.490000009536743
3.316125553101301    3.437999963760376
3.333578845486045    3.5350000858306885
3.3510321378707886    3.5299999713897705
3.3684854302555323    3.494999885559082
3.385938722640276    3.5929999351501465
3.4033920150250196    3.5480000972747803
3.4208453074097633    3.6410000324249268
3.438298599794507    3.5840001106262207
3.4557518921792507    0.0
3.4732051845639944    0.0
3.490658476948738    0.0
3.508111769333482    0.0
3.5255650617182255    0.0
3.543018354102969    0.0
3.560471646487713    3.759999990463257
3.5779249388724566    3.878000020980835
3.5953782312572002    3.861999988555908
3.612831523641944    3.937999963760376
3.6302848160266876    3.940000057220459
3.6477381084114313    3.9769999980926514
3.665191400796175    4.0970001220703125
3.6826446931809187    4.1519999504089355
3.7000979855656624    0.0
3.717551277950406    4.184999942779541
3.7350045703351498    0.0
3.7524578627198935    0.0
3.769911155104637    0.0
3.787364447489381    0.0
3.8048177398741245    0.0
3.822271032258868    0.0
3.839724324643612    0.0
3.8571776170283556    0.0
3.8746309094130993    0.0
3.892084201797843    0.0
3.9095374941825867    0.0
3.9269907865673304    0.0
3.944444078952074    0.0
3.9618973713368177    0.0
3.9793506637215614    0.0
3.996803956106305    0.0
4.014257248491049    0.0
4.0317105408757925    0.0
4.049163833260536    0.0
4.06661712564528    0.0
4.084070418030024    0.0
4.101523710414767    0.0
4.118977002799511    0.0
4.136430295184255    0.0
4.153883587568998    1.8910000324249268
4.171336879953742    1.8700000047683716
4.188790172338486    1.8509999513626099
4.206243464723229    1.8350000381469727
4.223696757107973    1.812000036239624
4.241150049492717    1.8009999990463257
4.2586033418774605    1.7740000486373901
4.276056634262204    1.0540000200271606
4.293509926646948    1.0110000371932983
4.3109632190316916    1.0429999828338623
4.328416511416435    0.9480000138282776
4.345869803801179    0.46299999952316284
4.363323096185923    0.46299999952316284
4.380776388570666    0.460999995470047
4.39822968095541    0.4580000042915344
4.415682973340154    0.45399999618530273
4.433136265724897    0.44999998807907104
4.450589558109641    0.45100000500679016
4.468042850494385    0.44999998807907104
4.4854961428791285    0.4480000138282776
4.502949435263872    0.4429999887943268
4.520402727648616    0.4390000104904175
4.5378560200333595    0.4410000145435333
4.555309312418103    0.4399999976158142
4.572762604802847    0.4390000104904175
4.590215897187591    0.43799999356269836
4.607669189572334    0.43799999356269836
4.625122481957078    0.43799999356269836
4.642575774341822    0.4350000023841858
4.660029066726565    0.4350000023841858
4.677482359111309    0.4350000023841858
4.694935651496053    0.4350000023841858
4.712388943880796    0.4350000023841858
4.72984223626554    0.4350000023841858
4.747295528650284    0.4350000023841858
4.7647488210350275    0.4350000023841858
4.782202113419771    0.4359999895095825
4.799655405804515    0.43700000643730164
4.817108698189259    0.43799999356269836
4.834561990574002    0.4399999976158142
4.852015282958746    0.44200000166893005
4.86946857534349    0.4410000145435333
4.886921867728233    0.4429999887943268
4.904375160112977    0.4440000057220459
4.921828452497721    0.44699999690055847
4.939281744882464    0.44999998807907104
4.956735037267208    0.4519999921321869
4.974188329651952    0.45500001311302185
4.9916416220366955    0.460999995470047
5.009094914421439    0.47099998593330383
5.026548206806183    0.0
5.0440014991909266    2.635999917984009
5.06145479157567    2.6480000019073486
5.078908083960414    2.677999973297119
5.096361376345158    2.678999900817871
5.113814668729901    2.7009999752044678
5.131267961114645    2.7070000171661377
5.148721253499389    2.7219998836517334
5.166174545884132    2.759000062942505
5.183627838268876    2.765000104904175
5.20108113065362    2.805000066757202
5.2185344230383635    2.815999984741211
5.235987715423107    2.8510000705718994
5.253441007807851    2.868000030517578
5.2708943001925945    2.9000000953674316
5.288347592577338    2.9230000972747803
5.305800884962082    2.9749999046325684
5.323254177346826    2.993000030517578
5.340707469731569    3.0239999294281006
5.358160762116313    3.062999963760376
5.375614054501057    3.0940001010894775
5.3930673468858    3.128000020980835
5.410520639270544    3.1630001068115234
5.427973931655288    3.2209999561309814
5.445427224040031    3.2739999294281006
5.462880516424775    3.302999973297119
5.480333808809519    3.374000072479248
5.4977871011942625    3.421999931335449
5.515240393579006    3.500999927520752
5.53269368596375    3.556999921798706
5.550146978348494    3.5480000972747803
5.567600270733237    1.784000039100647
5.585053563117981    1.7350000143051147
5.602506855502725    1.680999994277954
5.619960147887468    1.7309999465942383
5.637413440272212    0.0
5.654866732656956    0.0
5.672320025041699    1.8049999475479126
5.689773317426443    1.781999945640564
5.707226609811187    1.781999945640564
5.7246799021959305    1.774999976158142
5.742133194580674    0.0
5.759586486965418    0.0
5.7770397793501616    0.0
5.794493071734905    0.0
5.811946364119649    0.0
5.829399656504393    0.0
5.846852948889136    0.0
5.86430624127388    0.0
5.881759533658624    0.0
5.899212826043367    0.0
5.916666118428111    0.0
5.934119410812855    0.0
5.9515727031975985    0.0
5.969025995582342    0.0
5.986479287967086    0.0
6.0039325803518295    0.0
6.021385872736573    0.0
6.038839165121317    0.0
6.056292457506061    0.0
6.073745749890804    0.0
6.091199042275548    0.0
6.108652334660292    0.0
6.126105627045035    0.0
6.143558919429779    0.0
6.161012211814523    0.0
6.178465504199266    0.0
6.19591879658401    1.3519999980926514
6.213372088968754    0.0
6.2308253813534975    2.680000066757202
6.248278673738241    0.0
6.265731966122985    0.0
0.0    0.0
0.01745329238474369    0.0
0.03490658476948738    0.0
0.05235987715423107    0.0
0.06981316953897476    0.0
0.08726646192371845    0.0
0.10471975430846214    0.0
0.12217304669320583    0.5230000019073486
0.13962633907794952    0.0
0.15707963146269321    0.0
0.1745329238474369    0.0
0.1919862162321806    0.0
0.20943950861692429    0.0
0.22689280100166798    0.0
0.24434609338641167    0.0
0.26179938577115536    0.0
0.27925267815589905    0.0
0.29670597054064274    0.0
0.31415926292538643    0.0
0.3316125553101301    0.0
0.3490658476948738    0.0
0.3665191400796175    0.0
0.3839724324643612    0.0
0.4014257248491049    0.0
0.41887901723384857    0.0
0.43633230961859226    1.4880000352859497
0.45378560200333595    1.4910000562667847
0.47123889438807964    0.0
0.48869218677282333    0.0
0.506145479157567    0.0
0.5235987715423107    0.0
0.5410520639270544    0.0
0.5585053563117981    0.0
0.5759586486965418    0.0
0.5934119410812855    0.0
0.6108652334660292    0.0
0.6283185258507729    0.0
0.6457718182355165    0.0
0.6632251106202602    0.0
0.6806784030050039    0.0
0.6981316953897476    0.0
0.7155849877744913    0.0
0.733038280159235    0.0
0.7504915725439787    0.0
0.7679448649287224    0.0
0.7853981573134661    0.0
0.8028514496982098    0.0
0.8203047420829535    0.0
0.8377580344676971    0.0
0.8552113268524408    0.0
0.8726646192371845    0.0
0.8901179116219282    0.0
0.9075712040066719    0.0
0.9250244963914156    0.0
0.9424777887761593    0.0
0.959931081160903    0.0
0.9773843735456467    0.0
0.9948376659303904    0.0
1.012290958315134    0.0
1.0297442506998777    0.0
1.0471975430846214    0.0
1.0646508354693651    0.0
1.0821041278541088    0.0
1.0995574202388525    0.0
1.1170107126235962    0.0
1.1344640050083399    0.0
1.1519172973930836    0.0
1.1693705897778273    0.0
1.186823882162571    0.0
1.2042771745473146    0.0
1.2217304669320583    0.0
1.239183759316802    0.0
1.2566370517015457    2.5950000286102295
1.2740903440862894    2.5239999294281006
1.291543636471033    2.5369999408721924
1.3089969288557768    2.5160000324249268
1.3264502212405205    2.5139999389648438
1.3439035136252642    2.4860000610351562
1.3613568060100079    2.4649999141693115
1.3788100983947515    2.496000051498413
1.3962633907794952    2.503000020980835
1.413716683164239    2.484999895095825
1.4311699755489826    2.4779999256134033
1.4486232679337263    2.4709999561309814
1.46607656031847    2.490000009536743
1.4835298527032137    2.4690001010894775
1.5009831450879574    2.48799991607666
1.518436437472701    2.4760000705718994
1.5358897298574448    2.49399995803833
1.5533430222421885    2.484999895095825
1.5707963146269321    2.489000082015991
1.5882496070116758    2.4830000400543213
1.6057028993964195    2.4800000190734863
1.6231561917811632    2.4860000610351562
1.640609484165907    2.4730000495910645
1.6580627765506506    2.492000102996826
1.6755160689353943    2.505000114440918
1.692969361320138    2.50600004196167
1.7104226537048817    2.510999917984009
1.7278759460896254    2.5190000534057617
1.745329238474369    2.5309998989105225
1.7627825308591127    2.5369999408721924
1.7802358232438564    2.5299999713897705
1.7976891156286001    2.562000036239624
1.8151424080133438    2.575000047683716
1.8325957003980875    2.5859999656677246
1.8500489927828312    2.5959999561309814
1.8675022851675749    2.6040000915527344
1.8849555775523186    2.6029999256134033
1.9024088699370623    2.6429998874664307
1.919862162321806    3.552000045776367
1.9373154547065496    3.6679999828338623
1.9547687470912933    3.6489999294281006
1.972222039476037    3.6449999809265137
1.9896753318607807    3.7920000553131104
2.0071286242455244    3.7739999294281006
2.024581916630268    3.8299999237060547
2.042035209015012    3.8399999141693115
2.0594885013997555    0.0
2.076941793784499    3.5859999656677246
2.094395086169243    3.640000104904175
2.1118483785539865    3.6070001125335693
2.1293016709387302    0.0
2.146754963323474    0.0
2.1642082557082176    4.186999797821045
2.1816615480929613    0.0
2.199114840477705    0.0
2.2165681328624487    0.0
2.2340214252471924    0.0
2.251474717631936    0.0
2.2689280100166798    0.0
2.2863813024014235    0.0
2.303834594786167    0.0
2.321287887170911    0.0
2.3387411795556545    0.0
2.356194471940398    0.0
2.373647764325142    0.0
2.3911010567098856    0.0
2.4085543490946293    0.0
2.426007641479373    0.0
2.4434609338641167    0.0
2.4609142262488604    0.0
2.478367518633604    0.0
2.4958208110183477    0.0
2.5132741034030914    0.0
2.530727395787835    0.0
2.548180688172579    0.0
2.5656339805573225    0.0
2.583087272942066    0.0
2.60054056532681    0.0
2.6179938577115536    0.0
2.6354471500962973    0.0
2.652900442481041    0.0
2.6703537348657846    0.0
2.6878070272505283    0.0
2.705260319635272    0.0
2.7227136120200157    0.0
2.7401669044047594    0.0
2.757620196789503    0.0
2.775073489174247    0.0
2.7925267815589905    4.176000118255615
2.809980073943734    0.0
2.827433366328478    4.183000087738037
2.8448866587132215    4.173999786376953
2.8623399510979652    4.111000061035156
2.879793243482709    4.165999889373779
2.8972465358674526    4.119999885559082
2.9146998282521963    4.120999813079834
2.93215312063694    4.0960001945495605
2.9496064130216837    4.064000129699707
2.9670597054064274    4.045000076293945
2.984512997791171    4.074999809265137
3.0019662901759148    4.0
3.0194195825606585    3.9719998836517334
3.036872874945402    4.068999767303467
3.054326167330146    4.081999778747559
3.0717794597148895    3.9679999351501465
3.089232752099633    4.020999908447266
3.106686044484377    4.047999858856201
3.1241393368691206    3.9670000076293945
3.1415926292538643    4.086999893188477
3.159045921638608    4.021999835968018
3.1764992140233517    3.9800000190734863
3.1939525064080954    3.4179999828338623
3.211405798792839    3.3959999084472656
3.2288590911775827    3.4630000591278076
3.2463123835623264    3.4240000247955322
3.26376567594707    3.4549999237060547
3.281218968331814    3.4719998836517334
3.2986722607165575    3.49399995803833
3.316125553101301    3.4670000076293945
3.333578845486045    3.4609999656677246
3.3510321378707886    3.5369999408721924
3.3684854302555323    3.617000102996826
3.385938722640276    3.5160000324249268
3.4033920150250196    3.515000104904175
3.4208453074097633    3.5869998931884766
3.438298599794507    3.5929999351501465
3.4557518921792507    0.0
3.4732051845639944    0.0
3.490658476948738    0.0
3.508111769333482    0.0
3.5255650617182255    0.0
3.543018354102969    0.0
3.560471646487713    3.7720000743865967
3.5779249388724566    3.868000030517578
3.5953782312572002    3.9089999198913574
3.612831523641944    3.921999931335449
3.6302848160266876    3.927999973297119
3.6477381084114313    4.041999816894531
3.665191400796175    4.179999828338623
3.6826446931809187    4.173999786376953
3.7000979855656624    0.0
3.717551277950406    0.0
3.7350045703351498    0.0
3.7524578627198935    0.0
3.769911155104637    0.0
3.787364447489381    0.0
3.8048177398741245    0.0
3.822271032258868    0.0
3.839724324643612    0.0
3.8571776170283556    0.0
3.8746309094130993    0.0
3.892084201797843    0.0
3.9095374941825867    0.0
3.9269907865673304    0.0
3.944444078952074    0.0
3.9618973713368177    0.0
3.9793506637215614    0.0
3.996803956106305    0.0
4.014257248491049    0.0
4.0317105408757925    0.0
4.049163833260536    0.0
4.06661712564528    0.0
4.084070418030024    0.0
4.101523710414767    0.0
4.118977002799511    0.0
4.136430295184255    0.0
4.153883587568998    1.8839999437332153
4.171336879953742    0.9509999752044678
4.188790172338486    0.9509999752044678
4.206243464723229    0.9480000138282776
4.223696757107973    0.9440000057220459
4.241150049492717    0.9459999799728394
4.2586033418774605    1.7760000228881836
4.276056634262204    0.47099998593330383
4.293509926646948    0.47099998593330383
4.3109632190316916    0.46700000762939453
4.328416511416435    0.46399998664855957
4.345869803801179    0.460999995470047
4.363323096185923    0.4560000002384186
4.380776388570666    0.4569999873638153
4.39822968095541    0.4569999873638153
4.415682973340154    0.4519999921321869
4.433136265724897    0.4490000009536743
4.450589558109641    0.44600000977516174
4.468042850494385    0.4440000057220459
4.4854961428791285    0.44200000166893005
4.502949435263872    0.4399999976158142
4.520402727648616    0.43799999356269836
4.5378560200333595    0.4359999895095825
4.555309312418103    0.43299999833106995
4.572762604802847    0.4350000023841858
4.590215897187591    0.4339999854564667
4.607669189572334    0.43299999833106995
4.625122481957078    0.43299999833106995
4.642575774341822    0.43299999833106995
4.660029066726565    0.43299999833106995
4.677482359111309    0.4320000112056732
4.694935651496053    0.4320000112056732
4.712388943880796    0.43299999833106995
4.72984223626554    0.43299999833106995
4.747295528650284    0.4339999854564667
4.7647488210350275    0.4350000023841858
4.782202113419771    0.4350000023841858
4.799655405804515    0.4350000023841858
4.817108698189259    0.4359999895095825
4.834561990574002    0.43799999356269836
4.852015282958746    0.4399999976158142
4.86946857534349    0.4410000145435333
4.886921867728233    0.4429999887943268
4.904375160112977    0.4449999928474426
4.921828452497721    0.4480000138282776
4.939281744882464    0.0
4.956735037267208    2.75600004196167
4.974188329651952    2.5950000286102295
4.9916416220366955    2.5769999027252197
5.009094914421439    2.624000072479248
5.026548206806183    2.615000009536743
5.0440014991909266    2.625
5.06145479157567    2.6440000534057617
5.078908083960414    2.6579999923706055
5.096361376345158    2.6700000762939453
5.113814668729901    2.700000047683716
5.131267961114645    2.7079999446868896
5.148721253499389    2.7269999980926514
5.166174545884132    2.75
5.183627838268876    2.765000104904175
5.20108113065362    2.8010001182556152
5.2185344230383635    2.822000026702881
5.235987715423107    2.8529999256134033
5.253441007807851    2.880000114440918
5.2708943001925945    2.9049999713897705
5.288347592577338    2.9189999103546143
5.305800884962082    2.9639999866485596
5.323254177346826    2.992000102996826
5.340707469731569    3.007999897003174
5.358160762116313    3.069999933242798
5.375614054501057    3.1010000705718994
5.3930673468858    3.121999979019165
5.410520639270544    3.1689999103546143
5.427973931655288    3.2300000190734863
5.445427224040031    3.260999917984009
5.462880516424775    3.3269999027252197
5.480333808809519    3.3329999446868896
5.4977871011942625    3.4200000762939453
5.515240393579006    3.490000009536743
5.53269368596375    3.5260000228881836
5.550146978348494    1.8819999694824219
5.567600270733237    1.8489999771118164
5.585053563117981    1.8660000562667847
5.602506855502725    0.0
5.619960147887468    0.0
5.637413440272212    0.0
5.654866732656956    0.0
5.672320025041699    0.0
5.689773317426443    1.7999999523162842
5.707226609811187    1.781999945640564
5.7246799021959305    1.8229999542236328
5.742133194580674    1.8849999904632568
5.759586486965418    0.0
5.7770397793501616    0.0
5.794493071734905    0.0
5.811946364119649    0.0
5.829399656504393    0.0
5.846852948889136    0.0
5.86430624127388    0.0
5.881759533658624    0.0
5.899212826043367    0.0
5.916666118428111    0.0
5.934119410812855    0.0
5.9515727031975985    0.0
5.969025995582342    0.0
5.986479287967086    0.0
6.0039325803518295    0.0
6.021385872736573    0.0
6.038839165121317    0.0
6.056292457506061    0.0
6.073745749890804    0.0
6.091199042275548    0.0
6.108652334660292    0.0
6.126105627045035    0.0
6.143558919429779    0.0
6.161012211814523    0.0
6.178465504199266    0.0
6.19591879658401    1.3650000095367432
6.213372088968754    0.0
6.2308253813534975    2.691999912261963
6.248278673738241    0.0
6.265731966122985    0.0
0.0    0.0
0.01745329238474369    0.0
0.03490658476948738    0.0
0.05235987715423107    0.0
0.06981316953897476    0.0
0.08726646192371845    0.0
0.10471975430846214    0.0
0.12217304669320583    0.5270000100135803
0.13962633907794952    0.0
0.15707963146269321    0.0
0.1745329238474369    0.0
0.1919862162321806    0.0
0.20943950861692429    0.0
0.22689280100166798    0.0
0.24434609338641167    0.0
0.26179938577115536    0.0
0.27925267815589905    0.0
0.29670597054064274    0.0
0.31415926292538643    0.0
0.3316125553101301    0.0
0.3490658476948738    0.0
0.3665191400796175    0.0
0.3839724324643612    0.0
0.4014257248491049    0.0
0.41887901723384857    1.4550000429153442
0.43633230961859226    1.4869999885559082
0.45378560200333595    0.0
0.47123889438807964    0.0
0.48869218677282333    0.0
0.506145479157567    0.0
0.5235987715423107    0.0
0.5410520639270544    0.0
0.5585053563117981    0.0
0.5759586486965418    0.0
0.5934119410812855    0.0
0.6108652334660292    0.0
0.6283185258507729    0.0
0.6457718182355165    0.0
0.6632251106202602    0.0
0.6806784030050039    0.0
0.6981316953897476    0.0
0.7155849877744913    0.0
0.733038280159235    0.0
0.7504915725439787    0.0
0.7679448649287224    0.0
0.7853981573134661    0.0
0.8028514496982098    0.0
0.8203047420829535    0.0
0.8377580344676971    0.0
0.8552113268524408    0.0
0.8726646192371845    0.0
0.8901179116219282    0.0
0.9075712040066719    0.0
0.9250244963914156    0.0
0.9424777887761593    0.0
0.959931081160903    0.0
0.9773843735456467    0.0
0.9948376659303904    0.0
1.012290958315134    0.0
1.0297442506998777    0.0
1.0471975430846214    0.0
1.0646508354693651    0.0
1.0821041278541088    0.0
1.0995574202388525    0.0
1.1170107126235962    0.0
1.1344640050083399    0.0
1.1519172973930836    0.0
1.1693705897778273    0.0
1.186823882162571    0.0
1.2042771745473146    0.0
1.2217304669320583    0.0
1.239183759316802    0.0
1.2566370517015457    2.49399995803833
1.2740903440862894    2.5250000953674316
1.291543636471033    2.5320000648498535
1.3089969288557768    2.5260000228881836
1.3264502212405205    2.496999979019165
1.3439035136252642    2.486999988555908
1.3613568060100079    2.4600000381469727
1.3788100983947515    2.500999927520752
1.3962633907794952    2.503999948501587
1.413716683164239    2.48799991607666
1.4311699755489826    2.486999988555908
1.4486232679337263    2.4800000190734863
1.46607656031847    2.4800000190734863
1.4835298527032137    2.4749999046325684
1.5009831450879574    2.4769999980926514
1.518436437472701    2.4820001125335693
1.5358897298574448    2.494999885559082
1.5533430222421885    2.4760000705718994
1.5707963146269321    2.494999885559082
1.5882496070116758    2.4779999256134033
1.6057028993964195    2.4830000400543213
1.6231561917811632    2.4860000610351562
1.640609484165907    2.489000082015991
1.6580627765506506    2.490999937057495
1.6755160689353943    2.490000009536743
1.692969361320138    2.51200008392334
1.7104226537048817    2.51200008392334
1.7278759460896254    2.5190000534057617
1.745329238474369    2.5350000858306885
1.7627825308591127    2.5439999103546143
1.7802358232438564    2.5290000438690186
1.7976891156286001    2.555000066757202
1.8151424080133438    2.5869998931884766
1.8325957003980875    2.5969998836517334
1.8500489927828312    2.5920000076293945
1.8675022851675749    2.6040000915527344
1.8849555775523186    2.625999927520752
1.9024088699370623    2.634000062942505
1.919862162321806    3.5859999656677246
1.9373154547065496    3.628999948501587
1.9547687470912933    3.687000036239624
1.972222039476037    3.736999988555908
1.9896753318607807    3.677000045776367
2.0071286242455244    3.7929999828338623
2.024581916630268    3.877000093460083
2.042035209015012    0.0
2.0594885013997555    0.0
2.076941793784499    3.693000078201294
2.094395086169243    3.635999917984009
2.1118483785539865    3.677000045776367
2.1293016709387302    0.0
2.146754963323474    4.051000118255615
2.1642082557082176    0.0
2.1816615480929613    0.0
2.199114840477705    0.0
2.2165681328624487    0.0
2.2340214252471924    0.0
2.251474717631936    0.0
2.2689280100166798    0.0
2.2863813024014235    0.0
2.303834594786167    0.0
2.321287887170911    0.0
2.3387411795556545    0.0
2.356194471940398    0.0
2.373647764325142    0.0
2.3911010567098856    0.0
2.4085543490946293    0.0
2.426007641479373    0.0
2.4434609338641167    0.0
2.4609142262488604    0.0
2.478367518633604    0.0
2.4958208110183477    0.0
2.5132741034030914    0.0
2.530727395787835    0.0
2.548180688172579    0.0
2.5656339805573225    0.0
2.583087272942066    0.0
2.60054056532681    0.0
2.6179938577115536    0.0
2.6354471500962973    0.0
2.652900442481041    0.0
2.6703537348657846    0.0
2.6878070272505283    0.0
2.705260319635272    0.0
2.7227136120200157    0.0
2.7401669044047594    0.0
2.757620196789503    0.0
2.775073489174247    4.192999839782715
2.7925267815589905    0.0
2.809980073943734    0.0
2.827433366328478    4.13100004196167
2.8448866587132215    0.0
2.8623399510979652    0.0
2.879793243482709    4.171999931335449
2.8972465358674526    0.0
2.9146998282521963    4.142000198364258
2.93215312063694    4.070000171661377
2.9496064130216837    4.099999904632568
2.9670597054064274    4.035999774932861
2.984512997791171    3.940999984741211
3.0019662901759148    4.0279998779296875
3.0194195825606585    4.019000053405762
3.036872874945402    4.000999927520752
3.054326167330146    4.015999794006348
3.0717794597148895    4.010000228881836
3.089232752099633    3.9800000190734863
3.106686044484377    3.9670000076293945
3.1241393368691206    4.011000156402588
3.1415926292538643    4.051000118255615
3.159045921638608    3.990999937057495
3.1764992140233517    4.044000148773193
3.1939525064080954    3.4579999446868896
3.211405798792839    3.4489998817443848
3.2288590911775827    3.4519999027252197
3.2463123835623264    3.4570000171661377
3.26376567594707    3.499000072479248
3.281218968331814    3.499000072479248
3.2986722607165575    3.4769999980926514
3.316125553101301    3.492000102996826
3.333578845486045    3.5299999713897705
3.3510321378707886    3.552999973297119
3.3684854302555323    3.5450000762939453
3.385938722640276    3.552000045776367
3.4033920150250196    3.569000005722046
3.4208453074097633    3.5969998836517334
3.438298599794507    3.5759999752044678
3.4557518921792507    0.0
3.4732051845639944    0.0
3.490658476948738    0.0
3.508111769333482    0.0
3.5255650617182255    0.0
3.543018354102969    0.0
3.560471646487713    3.757999897003174
3.5779249388724566    3.8889999389648438
3.5953782312572002    3.882999897003174
3.612831523641944    3.8540000915527344
3.6302848160266876    3.931999921798706
3.6477381084114313    3.927999973297119
3.665191400796175    4.073999881744385
3.6826446931809187    4.119999885559082
3.7000979855656624    0.0
3.717551277950406    0.0
3.7350045703351498    0.0
3.7524578627198935    0.0
3.769911155104637    0.0
3.787364447489381    0.0
3.8048177398741245    0.0
3.822271032258868    0.0
3.839724324643612    0.0
3.8571776170283556    0.0
3.8746309094130993    0.0
3.892084201797843    0.0
3.9095374941825867    0.0
3.9269907865673304    0.0
3.944444078952074    0.0
3.9618973713368177    0.0
3.9793506637215614    0.0
3.996803956106305    0.0
4.014257248491049    0.0
4.0317105408757925    0.871999979019165
4.049163833260536    0.871999979019165
4.06661712564528    0.8659999966621399
4.084070418030024    0.8769999742507935
4.101523710414767    0.8669999837875366
4.118977002799511    0.8740000128746033
4.136430295184255    0.0
4.153883587568998    1.8849999904632568
4.171336879953742    1.8650000095367432
4.188790172338486    0.4779999852180481
4.206243464723229    0.4779999852180481
4.223696757107973    0.4749999940395355
4.241150049492717    0.47099998593330383
4.2586033418774605    0.46700000762939453
4.276056634262204    0.46000000834465027
4.293509926646948    0.460999995470047
4.3109632190316916    0.45899999141693115
4.328416511416435    0.45500001311302185
4.345869803801179    0.4519999921321869
4.363323096185923    0.44999998807907104
4.380776388570666    0.4480000138282776
4.39822968095541    0.44600000977516174
4.415682973340154    0.4440000057220459
4.433136265724897    0.44200000166893005
4.450589558109641    0.4399999976158142
4.468042850494385    0.43700000643730164
4.4854961428791285    0.43799999356269836
4.502949435263872    0.4359999895095825
4.520402727648616    0.4350000023841858
4.5378560200333595    0.4339999854564667
4.555309312418103    0.43299999833106995
4.572762604802847    0.4320000112056732
4.590215897187591    0.4320000112056732
4.607669189572334    0.4309999942779541
4.625122481957078    0.4309999942779541
4.642575774341822    0.4309999942779541
4.660029066726565    0.4320000112056732
4.677482359111309    0.4320000112056732
4.694935651496053    0.4320000112056732
4.712388943880796    0.4309999942779541
4.72984223626554    0.4320000112056732
4.747295528650284    0.4339999854564667
4.7647488210350275    0.4350000023841858
4.782202113419771    0.43700000643730164
4.799655405804515    0.4390000104904175
4.817108698189259    0.4390000104904175
4.834561990574002    0.44200000166893005
4.852015282958746    0.0
4.86946857534349    0.0
4.886921867728233    2.5339999198913574
4.904375160112977    2.5369999408721924
4.921828452497721    2.5399999618530273
4.939281744882464    2.565000057220459
4.956735037267208    2.5739998817443848
4.974188329651952    2.5850000381469727
4.9916416220366955    2.568000078201294
5.009094914421439    2.6080000400543213
5.026548206806183    2.5969998836517334
5.0440014991909266    2.625999927520752
5.06145479157567    2.6419999599456787
5.078908083960414    2.6570000648498535
5.096361376345158    2.6600000858306885
5.113814668729901    2.703000068664551
5.131267961114645    2.700000047683716
5.148721253499389    2.7360000610351562
5.166174545884132    2.744999885559082
5.183627838268876    2.7769999504089355
5.20108113065362    2.805000066757202
5.2185344230383635    2.816999912261963
5.235987715423107    2.8469998836517334
5.253441007807851    2.871000051498413
5.2708943001925945    2.9019999504089355
5.288347592577338    2.9189999103546143
5.305800884962082    2.9560000896453857
5.323254177346826    2.984999895095825
5.340707469731569    3.0230000019073486
5.358160762116313    3.053999900817871
5.375614054501057    3.1080000400543213
5.3930673468858    3.130000114440918
5.410520639270544    3.177000045776367
5.427973931655288    3.234999895095825
5.445427224040031    3.2950000762939453
5.462880516424775    3.3340001106262207
5.480333808809519    3.3389999866485596
5.4977871011942625    3.436000108718872
5.515240393579006    3.440000057220459
5.53269368596375    1.9190000295639038
5.550146978348494    1.8890000581741333
5.567600270733237    0.0
5.585053563117981    3.746999979019165
5.602506855502725    0.0
5.619960147887468    0.0
5.637413440272212    0.0
5.654866732656956    0.0
5.672320025041699    0.0
5.689773317426443    1.7899999618530273
5.707226609811187    1.7790000438690186
5.7246799021959305    1.812000036239624
5.742133194580674    1.8539999723434448
5.759586486965418    0.0
5.7770397793501616    0.0
5.794493071734905    0.0
5.811946364119649    0.0
5.829399656504393    0.0
5.846852948889136    0.0
5.86430624127388    0.0
5.881759533658624    0.0
5.899212826043367    0.0
5.916666118428111    0.0
5.934119410812855    0.0
5.9515727031975985    0.0
5.969025995582342    0.0
5.986479287967086    0.0
6.0039325803518295    0.0
6.021385872736573    0.0
6.038839165121317    0.0
6.056292457506061    0.0
6.073745749890804    0.0
6.091199042275548    0.0
6.108652334660292    0.0
6.126105627045035    0.0
6.143558919429779    0.0
6.161012211814523    0.0
6.178465504199266    0.0
6.19591879658401    1.3630000352859497
6.213372088968754    0.0
6.2308253813534975    0.0
6.248278673738241    0.0
6.265731966122985    0.0
0.0    0.0
0.01745329238474369    0.0
0.03490658476948738    0.0
0.05235987715423107    0.0
0.06981316953897476    0.0
0.08726646192371845    0.0
0.10471975430846214    0.0
0.12217304669320583    0.5339999794960022
0.13962633907794952    0.5339999794960022
0.15707963146269321    0.0
0.1745329238474369    0.0
0.1919862162321806    0.0
0.20943950861692429    0.0
0.22689280100166798    0.0
0.24434609338641167    0.0
0.26179938577115536    2.8429999351501465
0.27925267815589905    0.0
0.29670597054064274    0.0
0.31415926292538643    0.0
0.3316125553101301    0.0
0.3490658476948738    0.0
0.3665191400796175    0.0
0.3839724324643612    0.0
0.4014257248491049    0.0
0.41887901723384857    0.0
0.43633230961859226    1.4839999675750732
0.45378560200333595    1.5210000276565552
0.47123889438807964    0.0
0.48869218677282333    0.0
0.506145479157567    0.0
0.5235987715423107    0.0
0.5410520639270544    0.0
0.5585053563117981    0.0
0.5759586486965418    0.0
0.5934119410812855    0.0
0.6108652334660292    0.0
0.6283185258507729    0.0
0.6457718182355165    0.0
0.6632251106202602    0.0
0.6806784030050039    0.0
0.6981316953897476    0.0
0.7155849877744913    0.0
0.733038280159235    0.0
0.7504915725439787    0.0
0.7679448649287224    0.0
0.7853981573134661    0.0
0.8028514496982098    0.0
0.8203047420829535    0.0
0.8377580344676971    0.0
0.8552113268524408    0.0
0.8726646192371845    0.0
0.8901179116219282    0.0
0.9075712040066719    0.0
0.9250244963914156    0.0
0.9424777887761593    0.0
0.959931081160903    0.0
0.9773843735456467    0.0
0.9948376659303904    0.0
1.012290958315134    0.0
1.0297442506998777    0.0
1.0471975430846214    0.0
1.0646508354693651    0.0
1.0821041278541088    0.0
1.0995574202388525    0.0
1.1170107126235962    0.0
1.1344640050083399    0.0
1.1519172973930836    0.0
1.1693705897778273    0.0
1.186823882162571    0.0
1.2042771745473146    0.0
1.2217304669320583    0.0
1.239183759316802    0.0
1.2566370517015457    0.0
1.2740903440862894    2.4549999237060547
1.291543636471033    2.51200008392334
1.3089969288557768    2.507999897003174
1.3264502212405205    2.5290000438690186
1.3439035136252642    2.493000030517578
1.3613568060100079    2.4769999980926514
1.3788100983947515    2.490000009536743
1.3962633907794952    2.500999927520752
1.413716683164239    2.4860000610351562
1.4311699755489826    2.484999895095825
1.4486232679337263    2.503000020980835
1.46607656031847    2.490999937057495
1.4835298527032137    2.489000082015991
1.5009831450879574    2.4860000610351562
1.518436437472701    2.4839999675750732
1.5358897298574448    2.4769999980926514
1.5533430222421885    2.4749999046325684
1.5707963146269321    2.492000102996826
1.5882496070116758    2.4800000190734863
1.6057028993964195    2.4779999256134033
1.6231561917811632    2.4790000915527344
1.640609484165907    2.4749999046325684
1.6580627765506506    2.4790000915527344
1.6755160689353943    2.499000072479248
1.692969361320138    2.503000020980835
1.7104226537048817    2.510999917984009
1.7278759460896254    2.5260000228881836
1.745329238474369    2.5250000953674316
1.7627825308591127    2.5220000743865967
1.7802358232438564    2.5290000438690186
1.7976891156286001    2.5480000972747803
1.8151424080133438    2.555000066757202
1.8325957003980875    2.5840001106262207
1.8500489927828312    2.5989999771118164
1.8675022851675749    2.5980000495910645
1.8849555775523186    2.6059999465942383
1.9024088699370623    2.628999948501587
1.919862162321806    3.384000062942505
1.9373154547065496    3.6080000400543213
1.9547687470912933    3.625
1.972222039476037    3.7079999446868896
1.9896753318607807    3.74399995803833
2.0071286242455244    3.75600004196167
2.024581916630268    3.7980000972747803
2.042035209015012    3.953000068664551
2.0594885013997555    0.0
2.076941793784499    3.5789999961853027
2.094395086169243    3.6689999103546143
2.1118483785539865    3.73799991607666
2.1293016709387302    3.7090001106262207
2.146754963323474    0.0
2.1642082557082176    4.191999912261963
2.1816615480929613    0.0
2.199114840477705    0.0
2.2165681328624487    0.0
2.2340214252471924    0.0
2.251474717631936    0.0
2.2689280100166798    0.0
2.2863813024014235    0.0
2.303834594786167    0.0
2.321287887170911    0.0
2.3387411795556545    0.0
2.356194471940398    0.0
2.373647764325142    0.0
2.3911010567098856    0.0
2.4085543490946293    0.0
2.426007641479373    0.0
2.4434609338641167    0.0
2.4609142262488604    0.0
2.478367518633604    0.0
2.4958208110183477    0.0
2.5132741034030914    0.0
2.530727395787835    0.0
2.548180688172579    0.0
2.5656339805573225    0.0
2.583087272942066    0.0
2.60054056532681    0.0
2.6179938577115536    0.0
2.6354471500962973    0.0
2.652900442481041    0.0
2.6703537348657846    0.0
2.6878070272505283    0.0
2.705260319635272    0.0
2.7227136120200157    0.0
2.7401669044047594    0.0
2.757620196789503    0.0
2.775073489174247    0.0
2.7925267815589905    0.0
2.809980073943734    0.0
2.827433366328478    0.0
2.8448866587132215    4.171999931335449
2.8623399510979652    4.1519999504089355
2.879793243482709    4.11899995803833
2.8972465358674526    4.13100004196167
2.9146998282521963    4.110000133514404
2.93215312063694    4.09499979019165
2.9496064130216837    4.078000068664551
2.9670597054064274    4.048999786376953
2.984512997791171    3.996000051498413
3.0019662901759148    4.11299991607666
3.0194195825606585    3.9549999237060547
3.036872874945402    4.060999870300293
3.054326167330146    3.997999906539917
3.0717794597148895    3.98799991607666
3.089232752099633    4.02400016784668
3.106686044484377    3.9670000076293945
3.1241393368691206    3.999000072479248
3.1415926292538643    4.072999954223633
3.159045921638608    4.124000072479248
3.1764992140233517    3.9590001106262207
3.1939525064080954    3.4140000343322754
3.211405798792839    3.438999891281128
3.2288590911775827    3.4690001010894775
3.2463123835623264    3.4049999713897705
3.26376567594707    3.4700000286102295
3.281218968331814    3.4619998931884766
3.2986722607165575    3.496000051498413
3.316125553101301    3.510999917984009
3.333578845486045    3.5280001163482666
3.3510321378707886    3.51200008392334
3.3684854302555323    3.552999973297119
3.385938722640276    3.5759999752044678
3.4033920150250196    3.555999994277954
3.4208453074097633    3.614000082015991
3.438298599794507    3.6019999980926514
3.4557518921792507    0.0
3.4732051845639944    0.0
3.490658476948738    0.0
3.508111769333482    0.0
3.5255650617182255    0.0
3.543018354102969    0.0
3.560471646487713    3.9010000228881836
3.5779249388724566    3.867000102996826
3.5953782312572002    3.890000104904175
3.612831523641944    3.941999912261963
3.6302848160266876    4.033999919891357
3.6477381084114313    3.9660000801086426
3.665191400796175    4.046000003814697
3.6826446931809187    0.0
3.7000979855656624    0.0
3.717551277950406    0.0
3.7350045703351498    0.0
3.7524578627198935    0.0
3.769911155104637    0.0
3.787364447489381    0.0
3.8048177398741245    0.0
3.822271032258868    0.0
3.839724324643612    0.0
3.8571776170283556    0.0
3.8746309094130993    0.0
3.892084201797843    0.0
3.9095374941825867    0.0
3.9269907865673304    0.0
3.944444078952074    0.0
3.9618973713368177    0.0
3.9793506637215614    0.0
3.996803956106305    0.0
4.014257248491049    0.0
4.0317105408757925    0.8679999709129333
4.049163833260536    0.8679999709129333
4.06661712564528    0.8709999918937683
4.084070418030024    0.8600000143051147
4.101523710414767    0.8799999952316284
4.118977002799511    0.47999998927116394
4.136430295184255    0.4819999933242798
4.153883587568998    0.48500001430511475
4.171336879953742    0.47999998927116394
4.188790172338486    0.4740000069141388
4.206243464723229    0.46799999475479126
4.223696757107973    0.46799999475479126
4.241150049492717    0.46399998664855957
4.2586033418774605    0.4620000123977661
4.276056634262204    0.4569999873638153
4.293509926646948    0.4560000002384186
4.3109632190316916    0.45399999618530273
4.328416511416435    0.4519999921321869
4.345869803801179    0.44999998807907104
4.363323096185923    0.4490000009536743
4.380776388570666    0.4490000009536743
4.39822968095541    0.4429999887943268
4.415682973340154    0.4410000145435333
4.433136265724897    0.4390000104904175
4.450589558109641    0.43700000643730164
4.468042850494385    0.4359999895095825
4.4854961428791285    0.4359999895095825
4.502949435263872    0.4350000023841858
4.520402727648616    0.4339999854564667
4.5378560200333595    0.43299999833106995
4.555309312418103    0.43299999833106995
4.572762604802847    0.4320000112056732
4.590215897187591    0.4320000112056732
4.607669189572334    0.4320000112056732
4.625122481957078    0.43299999833106995
4.642575774341822    0.43299999833106995
4.660029066726565    0.4350000023841858
4.677482359111309    0.4359999895095825
4.694935651496053    0.4350000023841858
4.712388943880796    0.43700000643730164
4.72984223626554    0.43799999356269836
4.747295528650284    0.4390000104904175
4.7647488210350275    0.49799999594688416
4.782202113419771    0.0
4.799655405804515    1.8799999952316284
4.817108698189259    2.552999973297119
4.834561990574002    2.5250000953674316
4.852015282958746    2.5320000648498535
4.86946857534349    2.546999931335449
4.886921867728233    2.5250000953674316
4.904375160112977    2.5439999103546143
4.921828452497721    2.555000066757202
4.939281744882464    2.561000108718872
4.956735037267208    2.5829999446868896
4.974188329651952    2.5840001106262207
4.9916416220366955    2.572000026702881
5.009094914421439    2.6110000610351562
5.026548206806183    2.6050000190734863
5.0440014991909266    2.63100004196167
5.06145479157567    2.6389999389648438
5.078908083960414    2.6500000953674316
5.096361376345158    2.6500000953674316
5.113814668729901    2.694999933242798
5.131267961114645    2.694999933242798
5.148721253499389    2.7300000190734863
5.166174545884132    2.747999906539917
5.183627838268876    2.7730000019073486
5.20108113065362    2.802999973297119
5.2185344230383635    2.809000015258789
5.235987715423107    2.8389999866485596
5.253441007807851    2.872999906539917
5.2708943001925945    2.9000000953674316
5.288347592577338    2.9189999103546143
5.305800884962082    2.9769999980926514
5.323254177346826    3.006999969482422
5.340707469731569    3.0199999809265137
5.358160762116313    3.052999973297119
5.375614054501057    3.0910000801086426
5.3930673468858    3.11899995803833
5.410520639270544    3.197000026702881
5.427973931655288    3.2260000705718994
5.445427224040031    3.2960000038146973
5.462880516424775    3.322000026702881
5.480333808809519    3.36899995803833
5.4977871011942625    3.4240000247955322
5.515240393579006    1.9229999780654907
5.53269368596375    1.906000018119812
5.550146978348494    1.9550000429153442
5.567600270733237    3.694000005722046
5.585053563117981    3.7769999504089355
5.602506855502725    3.8519999980926514
5.619960147887468    0.0
5.637413440272212    0.0
5.654866732656956    0.0
5.672320025041699    1.7680000066757202
5.689773317426443    1.7589999437332153
5.707226609811187    1.781000018119812
5.7246799021959305    1.781999945640564
5.742133194580674    0.0
5.759586486965418    0.0
5.7770397793501616    0.0
5.794493071734905    0.0
5.811946364119649    0.0
5.829399656504393    0.0
5.846852948889136    0.0
5.86430624127388    0.0
5.881759533658624    0.0
5.899212826043367    0.0
5.916666118428111    0.0
5.934119410812855    0.0
5.9515727031975985    0.0
5.969025995582342    0.0
5.986479287967086    0.0
6.0039325803518295    0.0
6.021385872736573    0.0
6.038839165121317    0.0
6.056292457506061    0.0
6.073745749890804    0.0
6.091199042275548    0.0
6.108652334660292    0.0
6.126105627045035    0.0
6.143558919429779    0.0
6.161012211814523    0.0
6.178465504199266    0.0
6.19591879658401    1.3660000562667847
6.213372088968754    0.0
6.2308253813534975    2.7239999771118164
6.248278673738241    0.0
6.265731966122985    0.0
0.0    0.0
0.01745329238474369    0.0
0.03490658476948738    0.0
0.05235987715423107    0.0
0.06981316953897476    0.0
0.08726646192371845    0.0
0.10471975430846214    0.0
0.12217304669320583    0.5220000147819519
0.13962633907794952    0.0
0.15707963146269321    0.0
0.1745329238474369    0.0
0.1919862162321806    0.0
0.20943950861692429    0.0
0.22689280100166798    0.0
0.24434609338641167    0.0
0.26179938577115536    2.7909998893737793
0.27925267815589905    0.0
0.29670597054064274    0.0
0.31415926292538643    0.0
0.3316125553101301    0.0
0.3490658476948738    0.0
0.3665191400796175    0.0
0.3839724324643612    0.0
0.4014257248491049    0.0
0.41887901723384857    0.0
0.43633230961859226    1.472000002861023
0.45378560200333595    1.4989999532699585
0.47123889438807964    0.0
0.48869218677282333    0.0
0.506145479157567    0.0
0.5235987715423107    0.0
0.5410520639270544    0.0
0.5585053563117981    0.0
0.5759586486965418    0.0
0.5934119410812855    0.0
0.6108652334660292    0.0
0.6283185258507729    0.0
0.6457718182355165    0.0
0.6632251106202602    0.0
0.6806784030050039    0.0
0.6981316953897476    0.0
0.7155849877744913    0.0
0.733038280159235    0.0
0.7504915725439787    0.0
0.7679448649287224    0.0
0.7853981573134661    0.0
0.8028514496982098    0.0
0.8203047420829535    0.0
0.8377580344676971    0.0
0.8552113268524408    0.0
0.8726646192371845    0.0
0.8901179116219282    0.0
0.9075712040066719    0.0
0.9250244963914156    0.0
0.9424777887761593    0.0
0.959931081160903    0.0
0.9773843735456467    0.0
0.9948376659303904    0.0
1.012290958315134    0.0
1.0297442506998777    0.0
1.0471975430846214    0.0
1.0646508354693651    0.0
1.0821041278541088    0.0
1.0995574202388525    0.0
1.1170107126235962    0.0
1.1344640050083399    0.0
1.1519172973930836    0.0
1.1693705897778273    0.0
1.186823882162571    0.0
1.2042771745473146    0.0
1.2217304669320583    0.0
1.239183759316802    0.0
1.2566370517015457    2.5239999294281006
1.2740903440862894    2.5369999408721924
1.291543636471033    2.5
1.3089969288557768    2.5169999599456787
1.3264502212405205    2.500999927520752
1.3439035136252642    2.4779999256134033
1.3613568060100079    2.484999895095825
1.3788100983947515    2.49399995803833
1.3962633907794952    2.489000082015991
1.413716683164239    2.493000030517578
1.4311699755489826    2.489000082015991
1.4486232679337263    2.4760000705718994
1.46607656031847    2.493000030517578
1.4835298527032137    2.4790000915527344
1.5009831450879574    2.4820001125335693
1.518436437472701    2.4839999675750732
1.5358897298574448    2.492000102996826
1.5533430222421885    2.4800000190734863
1.5707963146269321    2.484999895095825
1.5882496070116758    2.4779999256134033
1.6057028993964195    2.4809999465942383
1.6231561917811632    2.4860000610351562
1.640609484165907    2.4700000286102295
1.6580627765506506    2.493000030517578
1.6755160689353943    2.494999885559082
1.692969361320138    2.51200008392334
1.7104226537048817    2.5320000648498535
1.7278759460896254    2.5169999599456787
1.745329238474369    2.5209999084472656
1.7627825308591127    2.5350000858306885
1.7802358232438564    2.5339999198913574
1.7976891156286001    2.5439999103546143
1.8151424080133438    2.572000026702881
1.8325957003980875    2.5929999351501465
1.8500489927828312    2.5869998931884766
1.8675022851675749    2.5829999446868896
1.8849555775523186    2.6059999465942383
1.9024088699370623    2.6410000324249268
1.919862162321806    3.563999891281128
1.9373154547065496    3.6619999408721924
1.9547687470912933    3.6760001182556152
1.972222039476037    3.7009999752044678
1.9896753318607807    3.7070000171661377
2.0071286242455244    3.8889999389648438
2.024581916630268    3.825000047683716
2.042035209015012    3.8269999027252197
2.0594885013997555    0.0
2.076941793784499    3.6530001163482666
2.094395086169243    3.6689999103546143
2.1118483785539865    3.6410000324249268
2.1293016709387302    3.6410000324249268
2.146754963323474    0.0
2.1642082557082176    0.0
2.1816615480929613    0.0
2.199114840477705    0.0
2.2165681328624487    0.0
2.2340214252471924    0.0
2.251474717631936    0.0
2.2689280100166798    0.0
2.2863813024014235    0.0
2.303834594786167    0.0
2.321287887170911    0.0
2.3387411795556545    0.0
2.356194471940398    0.0
2.373647764325142    0.0
2.3911010567098856    0.0
2.4085543490946293    0.0
2.426007641479373    0.0
2.4434609338641167    0.0
2.4609142262488604    0.0
2.478367518633604    0.0
2.4958208110183477    0.0
2.5132741034030914    0.0
2.530727395787835    0.0
2.548180688172579    0.0
2.5656339805573225    0.0
2.583087272942066    0.0
2.60054056532681    0.0
2.6179938577115536    0.0
2.6354471500962973    0.0
2.652900
