0.0    2.9570000171661377
0.01745329238474369    2.990999937057495
0.03490658476948738    2.9830000400543213
0.05235987715423107    3.006999969482422
0.06981316953897476    2.990999937057495
0.08726646192371845    2.9630000591278076
0.10471975430846214    3.0350000858306885
0.12217304669320583    3.0139999389648438
0.13962633907794952    3.0380001068115234
0.15707963146269321    2.996999979019165
0.1745329238474369    3.056999921798706
0.1919862162321806    3.062999963760376
0.20943950861692429    3.0360000133514404
0.22689280100166798    3.0769999027252197
0.24434609338641167    3.0829999446868896
0.26179938577115536    3.121000051498413
0.27925267815589905    3.13700008392334
0.29670597054064274    3.1510000228881836
0.31415926292538643    3.1449999809265137
0.3316125553101301    3.194999933242798
0.3490658476948738    3.2269999980926514
0.3665191400796175    3.2320001125335693
0.3839724324643612    3.2780001163482666
0.4014257248491049    3.177000045776367
0.41887901723384857    3.1459999084472656
0.43633230961859226    3.072000026702881
0.45378560200333595    3.132999897003174
0.47123889438807964    3.140000104904175
0.48869218677282333    3.187999963760376
0.506145479157567    3.2290000915527344
0.5235987715423107    3.265000104904175
0.5410520639270544    3.2790000438690186
0.5585053563117981    3.328000068664551
0.5759586486965418    3.3970000743865967
0.5934119410812855    3.388000011444092
0.6108652334660292    3.50600004196167
0.6283185258507729    3.4059998989105225
0.6457718182355165    3.502000093460083
0.6632251106202602    3.5980000495910645
0.6806784030050039    3.6549999713897705
0.6981316953897476    3.7170000076293945
0.7155849877744913    3.8239998817443848
0.733038280159235    3.8989999294281006
0.7504915725439787    3.9760000705718994
0.7679448649287224    2.632999897003174
0.7853981573134661    2.6029999256134033
0.8028514496982098    2.572999954223633
0.8203047420829535    2.509000062942505
0.8377580344676971    2.4809999465942383
0.8552113268524408    2.4600000381469727
0.8726646192371845    2.4119999408721924
0.8901179116219282    2.38100004196167
0.9075712040066719    2.3580000400543213
0.9250244963914156    2.315999984741211
0.9424777887761593    2.305999994277954
0.959931081160903    2.2750000953674316
0.9773843735456467    2.256999969482422
0.9948376659303904    2.2190001010894775
1.012290958315134    2.1730000972747803
1.0297442506998777    2.174999952316284
1.0471975430846214    2.1579999923706055
1.0646508354693651    2.1110000610351562
1.0821041278541088    2.117000102996826
1.0995574202388525    2.0999999046325684
1.1170107126235962    2.0989999771118164
1.1344640050083399    2.072999954223633
1.1519172973930836    2.055999994277954
1.1693705897778273    2.063999891281128
1.186823882162571    2.0409998893737793
1.2042771745473146    2.0290000438690186
1.2217304669320583    1.9989999532699585
1.239183759316802    2.003999948501587
1.2566370517015457    1.99399995803833
1.2740903440862894    1.9889999628067017
1.291543636471033    1.972000002861023
1.3089969288557768    1.9670000076293945
1.3264502212405205    1.9609999656677246
1.3439035136252642    1.9589999914169312
1.3613568060100079    1.9630000591278076
1.3788100983947515    1.9450000524520874
1.3962633907794952    1.9459999799728394
1.413716683164239    1.934999942779541
1.4311699755489826    1.9479999542236328
1.4486232679337263    1.9299999475479126
1.46607656031847    1.940999984741211
1.4835298527032137    1.930999994277954
1.5009831450879574    1.934999942779541
1.518436437472701    1.9270000457763672
1.5358897298574448    1.940000057220459
1.5533430222421885    1.937000036239624
1.5707963146269321    1.940000057220459
1.5882496070116758    1.9270000457763672
1.6057028993964195    1.9329999685287476
1.6231561917811632    1.937000036239624
1.640609484165907    1.9490000009536743
1.6580627765506506    1.937000036239624
1.6755160689353943    1.9529999494552612
1.692969361320138    1.9670000076293945
1.7104226537048817    1.9579999446868896
1.7278759460896254    1.9739999771118164
1.745329238474369    1.9769999980926514
1.7627825308591127    1.9919999837875366
1.7802358232438564    1.996000051498413
1.7976891156286001    2.000999927520752
1.8151424080133438    2.0169999599456787
1.8325957003980875    2.0160000324249268
1.8500489927828312    2.0190000534057617
1.8675022851675749    2.0369999408721924
1.8849555775523186    2.0320000648498535
1.9024088699370623    2.069999933242798
1.919862162321806    2.071000099182129
1.9373154547065496    2.0850000381469727
1.9547687470912933    2.0869998931884766
1.972222039476037    2.119999885559082
1.9896753318607807    2.132999897003174
2.0071286242455244    2.1510000228881836
2.024581916630268    2.187999963760376
2.042035209015012    2.2060000896453857
2.0594885013997555    2.2249999046325684
2.076941793784499    2.2730000019073486
2.094395086169243    2.2929999828338623
2.1118483785539865    2.316999912261963
2.1293016709387302    2.3320000171661377
2.146754963323474    2.369999885559082
2.1642082557082176    2.4040000438690186
2.1816615480929613    2.437999963760376
2.199114840477705    2.4679999351501465
2.2165681328624487    2.5329999923706055
2.2340214252471924    2.558000087738037
2.251474717631936    2.5889999866485596
2.2689280100166798    2.6540000438690186
2.2863813024014235    2.6589999198913574
2.303834594786167    2.7269999980926514
2.321287887170911    2.7799999713897705
2.3387411795556545    2.821000099182129
2.356194471940398    2.8459999561309814
2.373647764325142    2.796999931335449
2.3911010567098856    2.749000072479248
2.4085543490946293    2.7279999256134033
2.426007641479373    2.6710000038146973
2.4434609338641167    2.6589999198913574
2.4609142262488604    2.6470000743865967
2.478367518633604    2.5950000286102295
2.4958208110183477    2.5429999828338623
2.5132741034030914    2.5810000896453857
2.530727395787835    2.6510000228881836
2.548180688172579    2.7330000400543213
2.5656339805573225    2.7950000762939453
2.583087272942066    2.8940000534057617
2.60054056532681    2.990999937057495
2.6179938577115536    3.1040000915527344
2.6354471500962973    3.2060000896453857
2.652900442481041    3.4170000553131104
2.6703537348657846    3.5439999103546143
2.6878070272505283    3.6519999504089355
2.705260319635272    0.0
2.7227136120200157    0.0
2.7401669044047594    4.138000011444092
2.757620196789503    4.059000015258789
2.775073489174247    4.111999988555908
2.7925267815589905    4.0879998207092285
2.809980073943734    4.090000152587891
2.827433366328478    4.02400016784668
2.8448866587132215    4.081999778747559
2.8623399510979652    0.0
2.879793243482709    0.0
2.8972465358674526    0.0
2.9146998282521963    0.0
2.93215312063694    0.0
2.9496064130216837    0.0
2.9670597054064274    0.0
2.984512997791171    0.0
3.0019662901759148    0.0
3.0194195825606585    0.0
3.036872874945402    0.0
3.054326167330146    0.0
3.0717794597148895    0.0
3.089232752099633    0.0
3.106686044484377    0.0
3.1241393368691206    0.0
3.1415926292538643    0.0
3.159045921638608    0.0
3.1764992140233517    0.0
3.1939525064080954    0.0
3.211405798792839    0.0
3.2288590911775827    0.0
3.2463123835623264    0.0
3.26376567594707    0.0
3.281218968331814    0.0
3.2986722607165575    0.0
3.316125553101301    0.0
3.333578845486045    0.0
3.3510321378707886    0.0
3.3684854302555323    0.0
3.385938722640276    0.0
3.4033920150250196    0.0
3.4208453074097633    3.5880000591278076
3.438298599794507    3.184000015258789
3.4557518921792507    3.0460000038146973
3.4732051845639944    2.927000045776367
3.490658476948738    2.805999994277954
3.508111769333482    2.6570000648498535
3.5255650617182255    2.553999900817871
3.543018354102969    2.4749999046325684
3.560471646487713    2.378999948501587
3.5779249388724566    2.3510000705718994
3.5953782312572002    2.3889999389648438
3.612831523641944    2.4119999408721924
3.6302848160266876    2.4240000247955322
3.6477381084114313    2.4590001106262207
3.665191400796175    2.4679999351501465
3.6826446931809187    2.496000051498413
3.7000979855656624    2.5320000648498535
3.717551277950406    2.578000068664551
3.7350045703351498    2.614000082015991
3.7524578627198935    2.6470000743865967
3.769911155104637    2.677999973297119
3.787364447489381    0.0
3.8048177398741245    0.0
3.822271032258868    0.0
3.839724324643612    0.0
3.8571776170283556    0.0
3.8746309094130993    4.056000232696533
3.892084201797843    4.190000057220459
3.9095374941825867    0.0
3.9269907865673304    0.0
3.944444078952074    0.0
3.9618973713368177    0.0
3.9793506637215614    0.0
3.996803956106305    0.0
4.014257248491049    0.0
4.0317105408757925    0.0
4.049163833260536    0.0
4.06661712564528    0.0
4.084070418030024    0.0
4.101523710414767    0.0
4.118977002799511    0.0
4.136430295184255    1.4600000381469727
4.153883587568998    1.4429999589920044
4.171336879953742    1.4850000143051147
4.188790172338486    1.475000023841858
4.206243464723229    1.812999963760376
4.223696757107973    1.8320000171661377
4.241150049492717    0.0
4.2586033418774605    0.0
4.276056634262204    0.0
4.293509926646948    0.0
4.3109632190316916    0.0
4.328416511416435    0.0
4.345869803801179    0.0
4.363323096185923    0.0
4.380776388570666    0.0
4.39822968095541    0.0
4.415682973340154    0.0
4.433136265724897    0.0
4.450589558109641    0.0
4.468042850494385    1.5110000371932983
4.4854961428791285    1.496000051498413
4.502949435263872    1.5360000133514404
4.520402727648616    1.4789999723434448
4.5378560200333595    1.534000039100647
4.555309312418103    1.531999945640564
4.572762604802847    1.5010000467300415
4.590215897187591    1.496999979019165
4.607669189572334    1.4579999446868896
4.625122481957078    1.5019999742507935
4.642575774341822    1.4759999513626099
4.660029066726565    1.5
4.677482359111309    1.496999979019165
4.694935651496053    1.4819999933242798
4.712388943880796    1.496999979019165
4.72984223626554    0.0
4.747295528650284    0.0
4.7647488210350275    0.0
4.782202113419771    0.0
4.799655405804515    1.9850000143051147
4.817108698189259    0.0
4.834561990574002    0.0
4.852015282958746    0.0
4.86946857534349    0.0
4.886921867728233    0.0
4.904375160112977    0.0
4.921828452497721    0.0
4.939281744882464    0.0
4.956735037267208    0.0
4.974188329651952    0.0
4.9916416220366955    0.0
5.009094914421439    0.0
5.026548206806183    0.0
5.0440014991909266    0.0
5.06145479157567    0.0
5.078908083960414    0.0
5.096361376345158    0.0
5.113814668729901    0.0
5.131267961114645    0.0
5.148721253499389    0.0
5.166174545884132    0.0
5.183627838268876    4.181000232696533
5.20108113065362    0.0
5.2185344230383635    0.0
5.235987715423107    0.0
5.253441007807851    0.0
5.2708943001925945    0.0
5.288347592577338    3.5910000801086426
5.305800884962082    0.0
5.323254177346826    0.0
5.340707469731569    3.3389999866485596
5.358160762116313    3.2200000286102295
5.375614054501057    3.2249999046325684
5.3930673468858    3.190999984741211
5.410520639270544    3.130000114440918
5.427973931655288    0.0
5.445427224040031    0.0
5.462880516424775    2.940000057220459
5.480333808809519    2.8919999599456787
5.4977871011942625    2.7839999198913574
5.515240393579006    2.7790000438690186
5.53269368596375    2.736999988555908
5.550146978348494    2.687999963760376
5.567600270733237    2.631999969482422
5.585053563117981    2.6019999980926514
5.602506855502725    2.569999933242798
5.619960147887468    2.5510001182556152
5.637413440272212    2.5260000228881836
5.654866732656956    2.4760000705718994
5.672320025041699    2.4570000171661377
5.689773317426443    2.428999900817871
5.707226609811187    2.3910000324249268
5.7246799021959305    2.381999969482422
5.742133194580674    2.3420000076293945
5.759586486965418    2.325000047683716
5.7770397793501616    2.2939999103546143
5.794493071734905    2.36299991607666
5.811946364119649    2.453000068664551
5.829399656504393    2.5769999027252197
5.846852948889136    2.6689999103546143
5.86430624127388    2.805999994277954
5.881759533658624    2.0160000324249268
5.899212826043367    1.975000023841858
5.916666118428111    2.0160000324249268
5.934119410812855    2.065000057220459
5.9515727031975985    0.0
5.969025995582342    2.940999984741211
5.986479287967086    3.0869998931884766
6.0039325803518295    3.052999973297119
6.021385872736573    3.059999942779541
6.038839165121317    2.8980000019073486
6.056292457506061    1.8509999513626099
6.073745749890804    1.8730000257492065
6.091199042275548    1.8569999933242798
6.108652334660292    2.496000051498413
6.126105627045035    2.984999895095825
6.143558919429779    2.986999988555908
6.161012211814523    2.9779999256134033
6.178465504199266    2.990000009536743
6.19591879658401    2.9560000896453857
6.213372088968754    2.9670000076293945
6.2308253813534975    2.986999988555908
6.248278673738241    2.9639999866485596
6.265731966122985    2.9560000896453857
0.0    0.0
0.01745329238474369    0.0
0.03490658476948738    0.0
0.05235987715423107    0.0
0.06981316953897476    0.0
0.08726646192371845    0.0
0.10471975430846214    3.0199999809265137
0.12217304669320583    3.0320000648498535
0.13962633907794952    3.0320000648498535
0.15707963146269321    3.0220000743865967
0.1745329238474369    3.0789999961853027
0.1919862162321806    3.059000015258789
0.20943950861692429    3.072999954223633
0.22689280100166798    3.0929999351501465
0.24434609338641167    3.1070001125335693
0.26179938577115536    3.130000114440918
0.27925267815589905    3.1410000324249268
0.29670597054064274    3.13700008392334
0.31415926292538643    3.1519999504089355
0.3316125553101301    3.2170000076293945
0.3490658476948738    3.2119998931884766
0.3665191400796175    3.244999885559082
0.3839724324643612    3.2679998874664307
0.4014257248491049    3.249000072479248
0.41887901723384857    3.0889999866485596
0.43633230961859226    3.0899999141693115
0.45378560200333595    3.1519999504089355
0.47123889438807964    3.1410000324249268
0.48869218677282333    3.180999994277954
0.506145479157567    3.244999885559082
0.5235987715423107    3.257999897003174
0.5410520639270544    3.2939999103546143
0.5585053563117981    3.3610000610351562
0.5759586486965418    3.3350000381469727
0.5934119410812855    3.4170000553131104
0.6108652334660292    3.4189999103546143
0.6283185258507729    3.36899995803833
0.6457718182355165    3.5420000553131104
0.6632251106202602    3.615000009536743
0.6806784030050039    3.6630001068115234
0.6981316953897476    3.750999927520752
0.7155849877744913    3.816999912261963
0.733038280159235    0.0
0.7504915725439787    4.0980000495910645
0.7679448649287224    2.6730000972747803
0.7853981573134661    2.6029999256134033
0.8028514496982098    2.5799999237060547
0.8203047420829535    2.513000011444092
0.8377580344676971    2.484999895095825
0.8552113268524408    2.4539999961853027
0.8726646192371845    2.434000015258789
0.8901179116219282    2.384000062942505
0.9075712040066719    2.359999895095825
0.9250244963914156    2.3269999027252197
0.9424777887761593    2.311000108718872
0.959931081160903    2.246000051498413
0.9773843735456467    2.25
0.9948376659303904    2.242000102996826
1.012290958315134    2.186000108718872
1.0297442506998777    2.174999952316284
1.0471975430846214    2.1649999618530273
1.0646508354693651    2.119999885559082
1.0821041278541088    2.1089999675750732
1.0995574202388525    2.0999999046325684
1.1170107126235962    2.1040000915527344
1.1344640050083399    2.0759999752044678
1.1519172973930836    2.058000087738037
1.1693705897778273    2.055000066757202
1.186823882162571    2.0309998989105225
1.2042771745473146    2.0280001163482666
1.2217304669320583    2.013000011444092
1.239183759316802    2.006999969482422
1.2566370517015457    2.0
1.2740903440862894    1.9919999837875366
1.291543636471033    1.972000002861023
1.3089969288557768    1.9709999561309814
1.3264502212405205    1.9579999446868896
1.3439035136252642    1.9559999704360962
1.3613568060100079    1.9550000429153442
1.3788100983947515    1.9509999752044678
1.3962633907794952    1.9539999961853027
1.413716683164239    1.934000015258789
1.4311699755489826    1.937999963760376
1.4486232679337263    1.9259999990463257
1.46607656031847    1.9490000009536743
1.4835298527032137    1.934999942779541
1.5009831450879574    1.9220000505447388
1.518436437472701    1.940999984741211
1.5358897298574448    1.9450000524520874
1.5533430222421885    1.9390000104904175
1.5707963146269321    1.9420000314712524
1.5882496070116758    1.940999984741211
1.6057028993964195    1.944000005722046
1.6231561917811632    1.9500000476837158
1.640609484165907    1.940999984741211
1.6580627765506506    1.9639999866485596
1.6755160689353943    1.9470000267028809
1.692969361320138    1.9819999933242798
1.7104226537048817    1.9579999446868896
1.7278759460896254    1.9630000591278076
1.745329238474369    1.9780000448226929
1.7627825308591127    1.9789999723434448
1.7802358232438564    1.9900000095367432
1.7976891156286001    2.010999917984009
1.8151424080133438    2.003000020980835
1.8325957003980875    2.0179998874664307
1.8500489927828312    2.0260000228881836
1.8675022851675749    2.0420000553131104
1.8849555775523186    2.0329999923706055
1.9024088699370623    2.075000047683716
1.919862162321806    2.0759999752044678
1.9373154547065496    2.0959999561309814
1.9547687470912933    2.1040000915527344
1.972222039476037    2.1419999599456787
1.9896753318607807    2.118000030517578
2.0071286242455244    2.1710000038146973
2.024581916630268    2.1700000762939453
2.042035209015012    2.200000047683716
2.0594885013997555    2.2209999561309814
2.076941793784499    2.259999990463257
2.094395086169243    2.315999984741211
2.1118483785539865    2.319999933242798
2.1293016709387302    2.3469998836517334
2.146754963323474    2.38100004196167
2.1642082557082176    2.4119999408721924
2.1816615480929613    2.4539999961853027
2.199114840477705    2.4690001010894775
2.2165681328624487    2.5320000648498535
2.2340214252471924    2.5339999198913574
2.251474717631936    2.5889999866485596
2.2689280100166798    2.6449999809265137
2.2863813024014235    2.683000087738037
2.303834594786167    2.7230000495910645
2.321287887170911    2.7890000343322754
2.3387411795556545    2.813999891281128
2.356194471940398    2.8519999980926514
2.373647764325142    2.809000015258789
2.3911010567098856    2.7750000953674316
2.4085543490946293    2.7269999980926514
2.426007641479373    2.7049999237060547
2.4434609338641167    2.683000087738037
2.4609142262488604    2.622999906539917
2.478367518633604    2.5999999046325684
2.4958208110183477    2.5490000247955322
2.5132741034030914    2.5829999446868896
2.530727395787835    2.615000009536743
2.548180688172579    2.7070000171661377
2.5656339805573225    2.813999891281128
2.583087272942066    2.8540000915527344
2.60054056532681    2.9609999656677246
2.6179938577115536    3.138000011444092
2.6354471500962973    3.3380000591278076
2.652900442481041    3.303999900817871
2.6703537348657846    3.5910000801086426
2.6878070272505283    3.5490000247955322
2.705260319635272    0.0
2.7227136120200157    0.0
2.7401669044047594    4.171000003814697
2.757620196789503    4.14300012588501
2.775073489174247    4.085999965667725
2.7925267815589905    4.110000133514404
2.809980073943734    4.10099983215332
2.827433366328478    4.050000190734863
2.8448866587132215    4.063000202178955
2.8623399510979652    0.0
2.879793243482709    0.0
2.8972465358674526    0.0
2.9146998282521963    0.0
2.93215312063694    0.0
2.9496064130216837    0.0
2.9670597054064274    0.0
2.984512997791171    0.0
3.0019662901759148    0.0
3.0194195825606585    0.0
3.036872874945402    0.0
3.054326167330146    0.0
3.0717794597148895    0.0
3.089232752099633    0.0
3.106686044484377    0.0
3.1241393368691206    0.0
3.1415926292538643    0.0
3.159045921638608    0.0
3.1764992140233517    0.0
3.1939525064080954    0.0
3.211405798792839    0.0
3.2288590911775827    0.0
3.2463123835623264    0.0
3.26376567594707    0.0
3.281218968331814    0.0
3.2986722607165575    0.0
3.316125553101301    0.0
3.333578845486045    0.0
3.3510321378707886    0.0
3.3684854302555323    0.0
3.385938722640276    0.0
3.4033920150250196    0.0
3.4208453074097633    0.0
3.438298599794507    3.200000047683716
3.4557518921792507    3.0920000076293945
3.4732051845639944    2.950000047683716
3.490658476948738    2.822000026702881
3.508111769333482    2.7019999027252197
3.5255650617182255    2.618000030517578
3.543018354102969    2.4709999561309814
3.560471646487713    2.38700008392334
3.5779249388724566    2.36899995803833
3.5953782312572002    2.382999897003174
3.612831523641944    2.38700008392334
3.6302848160266876    2.4110000133514404
3.6477381084114313    2.438999891281128
3.665191400796175    2.4600000381469727
3.6826446931809187    2.509000062942505
3.7000979855656624    2.5329999923706055
3.717551277950406    2.578000068664551
3.7350045703351498    2.5869998931884766
3.7524578627198935    2.628000020980835
3.769911155104637    2.6579999923706055
3.787364447489381    2.8239998817443848
3.8048177398741245    0.0
3.822271032258868    0.0
3.839724324643612    0.0
3.8571776170283556    0.0
3.8746309094130993    0.0
3.892084201797843    4.1539998054504395
3.9095374941825867    0.0
3.9269907865673304    0.0
3.944444078952074    0.0
3.9618973713368177    0.0
3.9793506637215614    0.0
3.996803956106305    0.0
4.014257248491049    0.0
4.0317105408757925    0.0
4.049163833260536    0.0
4.06661712564528    0.0
4.084070418030024    1.4579999446868896
4.101523710414767    1.4600000381469727
4.118977002799511    1.409000039100647
4.136430295184255    1.3919999599456787
4.153883587568998    0.0
4.171336879953742    1.8250000476837158
4.188790172338486    1.8209999799728394
4.206243464723229    1.8320000171661377
4.223696757107973    1.8140000104904175
4.241150049492717    0.0
4.2586033418774605    0.0
4.276056634262204    0.0
4.293509926646948    0.0
4.3109632190316916    0.0
4.328416511416435    0.0
4.345869803801179    0.0
4.363323096185923    0.0
4.380776388570666    0.0
4.39822968095541    0.0
4.415682973340154    0.0
4.433136265724897    0.0
4.450589558109641    0.0
4.468042850494385    1.5299999713897705
4.4854961428791285    1.50600004196167
4.502949435263872    1.5190000534057617
4.520402727648616    1.5099999904632568
4.5378560200333595    1.49399995803833
4.555309312418103    1.5049999952316284
4.572762604802847    1.5080000162124634
4.590215897187591    1.4859999418258667
4.607669189572334    1.5069999694824219
4.625122481957078    1.4919999837875366
4.642575774341822    1.4910000562667847
4.660029066726565    1.496999979019165
4.677482359111309    1.5119999647140503
4.694935651496053    1.4930000305175781
4.712388943880796    1.475000023841858
4.72984223626554    0.0
4.747295528650284    0.0
4.7647488210350275    0.0
4.782202113419771    0.0
4.799655405804515    2.003000020980835
4.817108698189259    0.0
4.834561990574002    0.0
4.852015282958746    0.0
4.86946857534349    0.0
4.886921867728233    0.0
4.904375160112977    0.0
4.921828452497721    0.0
4.939281744882464    0.0
4.956735037267208    0.0
4.974188329651952    0.0
4.9916416220366955    0.0
5.009094914421439    0.0
5.026548206806183    0.0
5.0440014991909266    0.0
5.06145479157567    0.0
5.078908083960414    0.0
5.096361376345158    0.0
5.113814668729901    0.0
5.131267961114645    0.0
5.148721253499389    0.0
5.166174545884132    0.0
5.183627838268876    0.0
5.20108113065362    0.0
5.2185344230383635    4.133999824523926
5.235987715423107    0.0
5.253441007807851    0.0
5.2708943001925945    0.0
5.288347592577338    3.630000114440918
5.305800884962082    0.0
5.323254177346826    0.0
5.340707469731569    3.4079999923706055
5.358160762116313    0.0
5.375614054501057    3.2009999752044678
5.3930673468858    3.1470000743865967
5.410520639270544    3.0920000076293945
5.427973931655288    0.0
5.445427224040031    0.0
5.462880516424775    2.933000087738037
5.480333808809519    2.9019999504089355
5.4977871011942625    2.821000099182129
5.515240393579006    2.7730000019073486
5.53269368596375    2.7300000190734863
5.550146978348494    2.688999891281128
5.567600270733237    2.6519999504089355
5.585053563117981    2.5889999866485596
5.602506855502725    2.546999931335449
5.619960147887468    2.5309998989105225
5.637413440272212    2.5179998874664307
5.654866732656956    2.484999895095825
5.672320025041699    2.444999933242798
5.689773317426443    2.424999952316284
5.707226609811187    2.3889999389648438
5.7246799021959305    2.375
5.742133194580674    2.3389999866485596
5.759586486965418    2.3340001106262207
5.7770397793501616    2.311000108718872
5.794493071734905    2.3570001125335693
5.811946364119649    2.453000068664551
5.829399656504393    2.5390000343322754
5.846852948889136    2.6419999599456787
5.86430624127388    2.7239999771118164
5.881759533658624    2.819000005722046
5.899212826043367    2.7139999866485596
5.916666118428111    2.7039999961853027
5.934119410812855    2.677000045776367
5.9515727031975985    0.0
5.969025995582342    0.0
5.986479287967086    3.0929999351501465
6.0039325803518295    2.003999948501587
6.021385872736573    1.9930000305175781
6.038839165121317    2.0139999389648438
6.056292457506061    1.8910000324249268
6.073745749890804    1.8459999561309814
6.091199042275548    1.8550000190734863
6.108652334660292    1.8459999561309814
6.126105627045035    2.9809999465942383
6.143558919429779    2.9539999961853027
6.161012211814523    2.993000030517578
6.178465504199266    2.9790000915527344
6.19591879658401    2.9590001106262207
6.213372088968754    2.9489998817443848
6.2308253813534975    2.9709999561309814
6.248278673738241    2.9549999237060547
6.265731966122985    2.9769999980926514
0.0    2.9549999237060547
0.01745329238474369    2.986999988555908
0.03490658476948738    2.9779999256134033
0.05235987715423107    2.98799991607666
0.06981316953897476    2.9739999771118164
0.08726646192371845    3.0299999713897705
0.10471975430846214    3.0160000324249268
0.12217304669320583    3.0239999294281006
0.13962633907794952    3.0329999923706055
0.15707963146269321    3.0230000019073486
0.1745329238474369    3.0390000343322754
0.1919862162321806    3.056999921798706
0.20943950861692429    3.0869998931884766
0.22689280100166798    3.0929999351501465
0.24434609338641167    3.115999937057495
0.26179938577115536    3.1059999465942383
0.27925267815589905    3.1449999809265137
0.29670597054064274    3.1610000133514404
0.31415926292538643    3.140000104904175
0.3316125553101301    3.193000078201294
0.3490658476948738    3.240000009536743
0.3665191400796175    3.250999927520752
0.3839724324643612    3.257999897003174
0.4014257248491049    3.244999885559082
0.41887901723384857    3.0980000495910645
0.43633230961859226    3.075000047683716
0.45378560200333595    3.1440000534057617
0.47123889438807964    3.138000011444092
0.48869218677282333    3.190999984741211
0.506145479157567    3.25
0.5235987715423107    3.2980000972747803
0.5410520639270544    3.2869999408721924
0.5585053563117981    3.3420000076293945
0.5759586486965418    3.3350000381469727
0.5934119410812855    3.3510000705718994
0.6108652334660292    3.5380001068115234
0.6283185258507729    3.3889999389648438
0.6457718182355165    3.5369999408721924
0.6632251106202602    3.569999933242798
0.6806784030050039    3.680999994277954
0.6981316953897476    3.7300000190734863
0.7155849877744913    3.8299999237060547
0.733038280159235    3.990000009536743
0.7504915725439787    4.019000053405762
0.7679448649287224    2.6549999713897705
0.7853981573134661    2.5940001010894775
0.8028514496982098    2.5810000896453857
0.8203047420829535    2.5290000438690186
0.8377580344676971    2.4820001125335693
0.8552113268524408    2.4590001106262207
0.8726646192371845    2.433000087738037
0.8901179116219282    2.38700008392334
0.9075712040066719    2.361999988555908
0.9250244963914156    2.3320000171661377
0.9424777887761593    2.315000057220459
0.959931081160903    2.263000011444092
0.9773843735456467    2.25600004196167
0.9948376659303904    2.25600004196167
1.012290958315134    2.188999891281128
1.0297442506998777    2.180000066757202
1.0471975430846214    2.1559998989105225
1.0646508354693651    2.121000051498413
1.0821041278541088    2.115999937057495
1.0995574202388525    2.1019999980926514
1.1170107126235962    2.0889999866485596
1.1344640050083399    2.0869998931884766
1.1519172973930836    2.072000026702881
1.1693705897778273    2.059000015258789
1.186823882162571    2.0450000762939453
1.2042771745473146    2.0280001163482666
1.2217304669320583    2.0179998874664307
1.239183759316802    1.9989999532699585
1.2566370517015457    1.9910000562667847
1.2740903440862894    1.9919999837875366
1.291543636471033    1.9769999980926514
1.3089969288557768    1.9769999980926514
1.3264502212405205    1.9620000123977661
1.3439035136252642    1.9609999656677246
1.3613568060100079    1.9550000429153442
1.3788100983947515    1.940000057220459
1.3962633907794952    1.9579999446868896
1.413716683164239    1.9459999799728394
1.4311699755489826    1.9459999799728394
1.4486232679337263    1.9299999475479126
1.46607656031847    1.940999984741211
1.4835298527032137    1.9320000410079956
1.5009831450879574    1.934000015258789
1.518436437472701    1.9279999732971191
1.5358897298574448    1.9390000104904175
1.5533430222421885    1.9390000104904175
1.5707963146269321    1.934000015258789
1.5882496070116758    1.9459999799728394
1.6057028993964195    1.940000057220459
1.6231561917811632    1.9429999589920044
1.640609484165907    1.9359999895095825
1.6580627765506506    1.9470000267028809
1.6755160689353943    1.9459999799728394
1.692969361320138    1.968000054359436
1.7104226537048817    1.9579999446868896
1.7278759460896254    1.9579999446868896
1.745329238474369    1.9769999980926514
1.7627825308591127    1.9850000143051147
1.7802358232438564    2.0
1.7976891156286001    2.006999969482422
1.8151424080133438    1.9989999532699585
1.8325957003980875    2.0179998874664307
1.8500489927828312    2.010999917984009
1.8675022851675749    2.0290000438690186
1.8849555775523186    2.0480000972747803
1.9024088699370623    2.063999891281128
1.919862162321806    2.062999963760376
1.9373154547065496    2.0820000171661377
1.9547687470912933    2.0920000076293945
1.972222039476037    2.13100004196167
1.9896753318607807    2.11899995803833
2.0071286242455244    2.1510000228881836
2.024581916630268    2.177000045776367
2.042035209015012    2.197000026702881
2.0594885013997555    2.249000072479248
2.076941793784499    2.2769999504089355
2.094395086169243    2.2939999103546143
2.1118483785539865    2.3239998817443848
2.1293016709387302    2.3329999446868896
2.146754963323474    2.385999917984009
2.1642082557082176    2.430000066757202
2.1816615480929613    2.4609999656677246
2.199114840477705    2.494999885559082
2.2165681328624487    2.5169999599456787
2.2340214252471924    2.5179998874664307
2.251474717631936    2.5940001010894775
2.2689280100166798    2.624000072479248
2.2863813024014235    2.688999891281128
2.303834594786167    2.696000099182129
2.321287887170911    2.7730000019073486
2.3387411795556545    2.8239998817443848
2.356194471940398    2.8559999465942383
2.373647764325142    2.816999912261963
2.3911010567098856    2.7639999389648438
2.4085543490946293    2.756999969482422
2.426007641479373    2.697000026702881
2.4434609338641167    2.6730000972747803
2.4609142262488604    2.635999917984009
2.478367518633604    2.5999999046325684
2.4958208110183477    2.5840001106262207
2.5132741034030914    2.569999933242798
2.530727395787835    2.63700008392334
2.548180688172579    2.6589999198913574
2.5656339805573225    2.806999921798706
2.583087272942066    2.8919999599456787
2.60054056532681    2.98799991607666
2.6179938577115536    3.1700000762939453
2.6354471500962973    3.309999942779541
2.652900442481041    3.3359999656677246
2.6703537348657846    3.5429999828338623
2.6878070272505283    3.703000068664551
2.705260319635272    0.0
2.7227136120200157    0.0
2.7401669044047594    4.140999794006348
2.757620196789503    4.172999858856201
2.775073489174247    4.146999835968018
2.7925267815589905    4.117000102996826
2.809980073943734    4.060999870300293
2.827433366328478    4.080999851226807
2.8448866587132215    4.064000129699707
2.8623399510979652    0.0
2.879793243482709    0.0
2.8972465358674526    0.0
2.9146998282521963    0.0
2.93215312063694    0.0
2.9496064130216837    0.0
2.9670597054064274    0.0
2.984512997791171    0.0
3.0019662901759148    0.0
3.0194195825606585    0.0
3.036872874945402    0.0
3.054326167330146    0.0
3.0717794597148895    0.0
3.089232752099633    0.0
3.106686044484377    0.0
3.1241393368691206    0.0
3.1415926292538643    0.0
3.159045921638608    0.0
3.1764992140233517    0.0
3.1939525064080954    0.0
3.211405798792839    0.0
3.2288590911775827    0.0
3.2463123835623264    0.0
3.26376567594707    0.0
3.281218968331814    0.0
3.2986722607165575    0.0
3.316125553101301    0.0
3.333578845486045    0.0
3.3510321378707886    0.0
3.3684854302555323    0.0
3.385938722640276    0.0
3.4033920150250196    0.0
3.4208453074097633    0.0
3.438298599794507    3.2190001010894775
3.4557518921792507    3.072000026702881
3.4732051845639944    2.944999933242798
3.490658476948738    2.8420000076293945
3.508111769333482    2.6760001182556152
3.5255650617182255    2.5969998836517334
3.543018354102969    2.4730000495910645
3.560471646487713    2.385999917984009
3.5779249388724566    2.3519999980926514
3.5953782312572002    2.372999906539917
3.612831523641944    2.378000020980835
3.6302848160266876    2.4149999618530273
3.6477381084114313    2.447999954223633
3.665191400796175    2.4779999256134033
3.6826446931809187    2.507999897003174
3.7000979855656624    2.5290000438690186
3.717551277950406    2.558000087738037
3.7350045703351498    2.5940001010894775
3.7524578627198935    2.63100004196167
3.769911155104637    2.674999952316284
3.787364447489381    2.822000026702881
3.8048177398741245    0.0
3.822271032258868    0.0
3.839724324643612    0.0
3.8571776170283556    0.0
3.8746309094130993    0.0
3.892084201797843    0.0
3.9095374941825867    4.190000057220459
3.9269907865673304    0.0
3.944444078952074    0.0
3.9618973713368177    1.6139999628067017
3.9793506637215614    1.6019999980926514
3.996803956106305    1.6130000352859497
4.014257248491049    1.621999979019165
4.0317105408757925    0.0
4.049163833260536    0.0
4.06661712564528    0.0
4.084070418030024    0.0
4.101523710414767    0.0
4.118977002799511    0.0
4.136430295184255    0.0
4.153883587568998    1.9179999828338623
4.171336879953742    1.7940000295639038
4.188790172338486    1.7990000247955322
4.206243464723229    1.7829999923706055
4.223696757107973    0.0
4.241150049492717    0.0
4.2586033418774605    0.0
4.276056634262204    0.0
4.293509926646948    0.0
4.3109632190316916    0.0
4.328416511416435    0.0
4.345869803801179    0.0
4.363323096185923    0.0
4.380776388570666    0.0
4.39822968095541    0.0
4.415682973340154    0.0
4.433136265724897    0.0
4.450589558109641    0.0
4.468042850494385    1.5169999599456787
4.4854961428791285    1.5069999694824219
4.502949435263872    0.0
4.520402727648616    1.5609999895095825
4.5378560200333595    1.524999976158142
4.555309312418103    1.5369999408721924
4.572762604802847    1.50600004196167
4.590215897187591    1.4559999704360962
4.607669189572334    1.5019999742507935
4.625122481957078    1.5169999599456787
4.642575774341822    1.4830000400543213
4.660029066726565    1.4359999895095825
4.677482359111309    1.4589999914169312
4.694935651496053    1.5069999694824219
4.712388943880796    1.4700000286102295
4.72984223626554    0.0
4.747295528650284    3.2269999980926514
4.7647488210350275    0.0
4.782202113419771    0.0
4.799655405804515    2.0199999809265137
4.817108698189259    0.0
4.834561990574002    0.0
4.852015282958746    0.0
4.86946857534349    0.0
4.886921867728233    0.0
4.904375160112977    0.0
4.921828452497721    0.0
4.939281744882464    0.0
4.956735037267208    0.0
4.974188329651952    0.0
4.9916416220366955    0.0
5.009094914421439    0.0
5.026548206806183    0.0
5.0440014991909266    0.0
5.06145479157567    0.0
5.078908083960414    0.0
5.096361376345158    0.0
5.113814668729901    0.0
5.131267961114645    0.0
5.148721253499389    0.0
5.166174545884132    0.0
5.183627838268876    0.0
5.20108113065362    0.0
5.2185344230383635    4.085999965667725
5.235987715423107    0.0
5.253441007807851    0.0
5.2708943001925945    0.0
5.288347592577338    3.736999988555908
5.305800884962082    0.0
5.323254177346826    0.0
5.340707469731569    3.3980000019073486
5.358160762116313    3.2119998931884766
5.375614054501057    3.2039999961853027
5.3930673468858    3.11899995803833
5.410520639270544    3.114000082015991
5.427973931655288    0.0
5.445427224040031    0.0
5.462880516424775    2.9649999141693115
5.480333808809519    2.872999906539917
5.4977871011942625    2.799999952316284
5.515240393579006    2.803999900817871
5.53269368596375    2.7130000591278076
5.550146978348494    2.690999984741211
5.567600270733237    2.6470000743865967
5.585053563117981    2.614000082015991
5.602506855502725    2.5510001182556152
5.619960147887468    2.5399999618530273
5.637413440272212    2.5179998874664307
5.654866732656956    2.484999895095825
5.672320025041699    2.4570000171661377
5.689773317426443    2.4059998989105225
5.707226609811187    2.4089999198913574
5.7246799021959305    2.375999927520752
5.742133194580674    2.3480000495910645
5.759586486965418    2.325000047683716
5.7770397793501616    2.305000066757202
5.794493071734905    2.374000072479248
5.811946364119649    2.441999912261963
5.829399656504393    2.5460000038146973
5.846852948889136    2.63100004196167
5.86430624127388    2.7980000972747803
5.881759533658624    2.757999897003174
5.899212826043367    2.7669999599456787
5.916666118428111    2.75
5.934119410812855    2.744999885559082
5.9515727031975985    0.0
5.969025995582342    0.0
5.986479287967086    3.0889999866485596
6.0039325803518295    3.071000099182129
6.021385872736573    3.059000015258789
6.038839165121317    2.9079999923706055
6.056292457506061    1.8760000467300415
6.073745749890804    1.8509999513626099
6.091199042275548    1.8459999561309814
6.108652334660292    1.8300000429153442
6.126105627045035    2.078000068664551
6.143558919429779    2.0880000591278076
6.161012211814523    2.934000015258789
6.178465504199266    2.9749999046325684
6.19591879658401    2.9609999656677246
6.213372088968754    2.9839999675750732
6.2308253813534975    2.9690001010894775
6.248278673738241    2.9739999771118164
6.265731966122985    2.9579999446868896
0.0    2.944999933242798
0.01745329238474369    2.953000068664551
0.03490658476948738    2.9700000286102295
0.05235987715423107    3.0209999084472656
0.06981316953897476    2.9779999256134033
0.08726646192371845    3.1040000915527344
0.10471975430846214    3.0179998874664307
0.12217304669320583    3.013000011444092
0.13962633907794952    3.0369999408721924
0.15707963146269321    3.059999942779541
0.1745329238474369    3.0910000801086426
0.1919862162321806    3.056999921798706
0.20943950861692429    3.0769999027252197
0.22689280100166798    3.0920000076293945
0.24434609338641167    3.0929999351501465
0.26179938577115536    3.11899995803833
0.27925267815589905    3.1480000019073486
0.29670597054064274    3.1659998893737793
0.31415926292538643    3.2130000591278076
0.3316125553101301    3.2090001106262207
0.3490658476948738    3.2300000190734863
0.3665191400796175    3.259999990463257
0.3839724324643612    3.2750000953674316
0.4014257248491049    3.2249999046325684
0.41887901723384857    3.125
0.43633230961859226    3.1050000190734863
0.45378560200333595    3.184999942779541
0.47123889438807964    3.174999952316284
0.48869218677282333    3.2109999656677246
0.506145479157567    3.24399995803833
0.5235987715423107    3.2699999809265137
0.5410520639270544    3.315000057220459
0.5585053563117981    3.372999906539917
0.5759586486965418    3.312999963760376
0.5934119410812855    3.377000093460083
0.6108652334660292    3.4760000705718994
0.6283185258507729    3.632999897003174
0.6457718182355165    3.5429999828338623
0.6632251106202602    3.6440000534057617
0.6806784030050039    3.7260000705718994
0.6981316953897476    3.7039999961853027
0.7155849877744913    3.828000068664551
0.733038280159235    3.943000078201294
0.7504915725439787    3.943000078201294
0.7679448649287224    2.632999897003174
0.7853981573134661    2.5940001010894775
0.8028514496982098    2.555000066757202
0.8203047420829535    2.5290000438690186
0.8377580344676971    2.4809999465942383
0.8552113268524408    2.441999912261963
0.8726646192371845    2.4149999618530273
0.8901179116219282    2.375999927520752
0.9075712040066719    2.3610000610351562
0.9250244963914156    2.3450000286102295
0.9424777887761593    2.311000108718872
0.959931081160903    2.2769999504089355
0.9773843735456467    2.255000114440918
0.9948376659303904    2.2249999046325684
1.012290958315134    2.194999933242798
1.0297442506998777    2.1689999103546143
1.0471975430846214    2.1559998989105225
1.0646508354693651    2.111999988555908
1.0821041278541088    2.124000072479248
1.0995574202388525    2.0889999866485596
1.1170107126235962    2.1010000705718994
1.1344640050083399    2.0840001106262207
1.1519172973930836    2.063999891281128
1.1693705897778273    2.065999984741211
1.186823882162571    2.0490000247955322
1.2042771745473146    2.0350000858306885
1.2217304669320583    2.013000011444092
1.239183759316802    2.010999917984009
1.2566370517015457    1.9859999418258667
1.2740903440862894    1.9839999675750732
1.291543636471033    1.9809999465942383
1.3089969288557768    1.9839999675750732
1.3264502212405205    1.9600000381469727
1.3439035136252642    1.9709999561309814
1.3613568060100079    1.965000033378601
1.3788100983947515    1.9490000009536743
1.3962633907794952    1.965000033378601
1.413716683164239    1.940999984741211
1.4311699755489826    1.937000036239624
1.4486232679337263    1.940999984741211
1.46607656031847    1.9450000524520874
1.4835298527032137    1.937000036239624
1.5009831450879574    1.9359999895095825
1.518436437472701    1.9420000314712524
1.5358897298574448    1.9559999704360962
1.5533430222421885    1.937999963760376
1.5707963146269321    1.934999942779541
1.5882496070116758    1.9420000314712524
1.6057028993964195    1.9320000410079956
1.6231561917811632    1.9520000219345093
1.640609484165907    1.9459999799728394
1.6580627765506506    1.9429999589920044
1.6755160689353943    1.9500000476837158
1.692969361320138    1.9570000171661377
1.7104226537048817    1.9670000076293945
1.7278759460896254    1.972000002861023
1.745329238474369    1.9809999465942383
1.7627825308591127    1.9819999933242798
1.7802358232438564    1.9989999532699585
1.7976891156286001    2.00600004196167
1.8151424080133438    2.009000062942505
1.8325957003980875    2.007999897003174
1.8500489927828312    2.0309998989105225
1.8675022851675749    2.0360000133514404
1.8849555775523186    2.0360000133514404
1.9024088699370623    2.062999963760376
1.919862162321806    2.0769999027252197
1.9373154547065496    2.0829999446868896
1.9547687470912933    2.0999999046325684
1.972222039476037    2.132999897003174
1.9896753318607807    2.121999979019165
2.0071286242455244    2.1619999408721924
2.024581916630268    2.184000015258789
2.042035209015012    2.196000099182129
2.0594885013997555    2.2269999980926514
2.076941793784499    2.2750000953674316
2.094395086169243    2.309999942779541
2.1118483785539865    2.319999933242798
2.1293016709387302    2.3510000705718994
2.146754963323474    2.374000072479248
2.1642082557082176    2.4179999828338623
2.1816615480929613    2.447999954223633
2.199114840477705    2.4719998836517334
2.2165681328624487    2.503999948501587
2.2340214252471924    2.5360000133514404
2.251474717631936    2.5929999351501465
2.2689280100166798    2.634000062942505
2.2863813024014235    2.6570000648498535
2.303834594786167    2.7260000705718994
2.321287887170911    2.7890000343322754
2.3387411795556545    2.9100000858306885
2.356194471940398    2.859999895095825
2.373647764325142    2.816999912261963
2.3911010567098856    2.759000062942505
2.4085543490946293    2.759999990463257
2.426007641479373    2.700000047683716
2.4434609338641167    2.6530001163482666
2.4609142262488604    2.6019999980926514
2.478367518633604    2.5910000801086426
2.4958208110183477    2.553999900817871
2.5132741034030914    2.563999891281128
2.530727395787835    2.63100004196167
2.548180688172579    2.7179999351501465
2.5656339805573225    2.816999912261963
2.583087272942066    2.921999931335449
2.60054056532681    2.947999954223633
2.6179938577115536    3.0829999446868896
2.6354471500962973    3.2079999446868896
2.652900442481041    3.359999895095825
2.6703537348657846    3.555999994277954
2.6878070272505283    3.7100000381469727
2.705260319635272    0.0
2.7227136120200157    4.182000160217285
2.7401669044047594    4.185999870300293
2.757620196789503    4.113999843597412
2.775073489174247    4.083000183105469
2.7925267815589905    4.110000133514404
2.809980073943734    4.0329999923706055
2.827433366328478    4.081999778747559
2.8448866587132215    4.038000106811523
2.8623399510979652    0.0
2.879793243482709    0.0
2.8972465358674526    0.0
2.9146998282521963    0.0
2.93215312063694    0.0
2.9496064130216837    0.0
2.9670597054064274    0.0
2.984512997791171    0.0
3.0019662901759148    0.0
3.0194195825606585    0.0
3.036872874945402    0.0
3.054326167330146    0.0
3.0717794597148895    0.0
3.089232752099633    0.0
3.106686044484377    0.0
3.1241393368691206    0.0
3.1415926292538643    0.0
3.159045921638608    0.0
3.1764992140233517    0.0
3.1939525064080954    0.0
3.211405798792839    0.0
3.2288590911775827    0.0
3.2463123835623264    0.0
3.26376567594707    0.0
3.281218968331814    0.0
3.2986722607165575    0.0
3.316125553101301    0.0
3.333578845486045    0.0
3.3510321378707886    0.0
3.3684854302555323    0.0
3.385938722640276    0.0
3.4033920150250196    0.0
3.4208453074097633    0.0
3.438298599794507    3.2230000495910645
3.4557518921792507    3.1059999465942383
3.4732051845639944    2.9609999656677246
3.490658476948738    2.8459999561309814
3.508111769333482    2.694000005722046
3.5255650617182255    2.575000047683716
3.543018354102969    2.4649999141693115
3.560471646487713    2.359999895095825
3.5779249388724566    2.368000030517578
3.5953782312572002    2.374000072479248
3.612831523641944    2.388000011444092
3.6302848160266876    2.4179999828338623
3.6477381084114313    2.453000068664551
3.665191400796175    2.4820001125335693
3.6826446931809187    2.503999948501587
3.7000979855656624    2.5450000762939453
3.717551277950406    2.5769999027252197
3.7350045703351498    2.5810000896453857
3.7524578627198935    2.6410000324249268
3.769911155104637    2.6589999198913574
3.787364447489381    0.0
3.8048177398741245    0.0
3.822271032258868    0.0
3.839724324643612    0.0
3.8571776170283556    0.0
3.8746309094130993    0.0
3.892084201797843    4.185999870300293
3.9095374941825867    0.0
3.9269907865673304    0.0
3.944444078952074    1.5449999570846558
3.9618973713368177    1.6030000448226929
3.9793506637215614    1.600000023841858
3.996803956106305    1.5820000171661377
4.014257248491049    0.0
4.0317105408757925    0.0
4.049163833260536    0.0
4.06661712564528    0.0
4.084070418030024    0.0
4.101523710414767    0.0
4.118977002799511    1.8140000104904175
4.136430295184255    1.715999960899353
4.153883587568998    1.7079999446868896
4.171336879953742    1.694000005722046
4.188790172338486    1.7280000448226929
4.206243464723229    0.0
4.223696757107973    0.0
4.241150049492717    0.0
4.2586033418774605    0.0
4.276056634262204    0.0
4.293509926646948    0.0
4.3109632190316916    0.0
4.328416511416435    0.0
4.345869803801179    0.0
4.363323096185923    0.0
4.380776388570666    0.0
4.39822968095541    0.0
4.415682973340154    0.0
4.433136265724897    0.0
4.450589558109641    0.0
4.468042850494385    1.5390000343322754
4.4854961428791285    1.4869999885559082
4.502949435263872    0.0
4.520402727648616    1.5410000085830688
4.5378560200333595    1.5230000019073486
4.555309312418103    1.4900000095367432
4.572762604802847    1.503999948501587
4.590215897187591    1.5080000162124634
4.607669189572334    1.5010000467300415
4.625122481957078    1.5099999904632568
4.642575774341822    1.4570000171661377
4.660029066726565    1.5149999856948853
4.677482359111309    1.4919999837875366
4.694935651496053    1.4789999723434448
4.712388943880796    1.496999979019165
4.72984223626554    0.0
4.747295528650284    3.1489999294281006
4.7647488210350275    0.0
4.782202113419771    0.0
4.799655405804515    2.003999948501587
4.817108698189259    0.0
4.834561990574002    0.0
4.852015282958746    0.0
4.86946857534349    0.0
4.886921867728233    0.0
4.904375160112977    0.0
4.921828452497721    0.0
4.939281744882464    0.0
4.956735037267208    0.0
4.974188329651952    0.0
4.9916416220366955    0.0
5.009094914421439    0.0
5.026548206806183    0.0
5.0440014991909266    0.0
5.06145479157567    0.0
5.078908083960414    0.0
5.096361376345158    0.0
5.113814668729901    0.0
5.131267961114645    0.0
5.148721253499389    0.0
5.166174545884132    0.0
5.183627838268876    0.0
5.20108113065362    0.0
5.2185344230383635    0.0
5.235987715423107    0.0
5.253441007807851    0.0
5.2708943001925945    0.0
5.288347592577338    3.617000102996826
5.305800884962082    0.0
5.323254177346826    0.0
5.340707469731569    3.4079999923706055
5.358160762116313    0.0
5.375614054501057    3.187999963760376
5.3930673468858    3.1760001182556152
5.410520639270544    3.1110000610351562
5.427973931655288    0.0
5.445427224040031    0.0
5.462880516424775    2.947999954223633
5.480333808809519    2.9049999713897705
5.4977871011942625    2.8369998931884766
5.515240393579006    2.7809998989105225
5.53269368596375    2.756999969482422
5.550146978348494    2.684000015258789
5.567600270733237    2.6530001163482666
5.585053563117981    2.5859999656677246
5.602506855502725    2.562999963760376
5.619960147887468    2.5360000133514404
5.637413440272212    2.503999948501587
5.654866732656956    2.4830000400543213
5.672320025041699    2.444000005722046
5.689773317426443    2.437999963760376
5.707226609811187    2.3889999389648438
5.7246799021959305    2.3940000534057617
5.742133194580674    2.3429999351501465
5.759586486965418    2.322000026702881
5.7770397793501616    2.305000066757202
5.794493071734905    2.365000009536743
5.811946364119649    2.4539999961853027
5.829399656504393    2.5390000343322754
5.846852948889136    2.6489999294281006
5.86430624127388    2.7660000324249268
5.881759533658624    2.7899999618530273
5.899212826043367    2.7109999656677246
5.916666118428111    2.7079999446868896
5.934119410812855    2.7109999656677246
5.9515727031975985    0.0
5.969025995582342    0.0
5.986479287967086    3.1029999256134033
6.0039325803518295    3.072000026702881
6.021385872736573    3.0390000343322754
6.038839165121317    2.931999921798706
6.056292457506061    3.0220000743865967
6.073745749890804    3.01200008392334
6.091199042275548    2.134999990463257
6.108652334660292    1.968000054359436
6.126105627045035    1.819000005722046
6.143558919429779    1.8079999685287476
6.161012211814523    1.8869999647140503
6.178465504199266    2.9830000400543213
6.19591879658401    2.9649999141693115
6.213372088968754    2.989000082015991
6.2308253813534975    2.9749999046325684
6.248278673738241    2.9800000190734863
6.265731966122985    2.9630000591278076
0.0    2.9820001125335693
0.01745329238474369    2.9790000915527344
0.03490658476948738    2.9820001125335693
0.05235987715423107    2.9719998836517334
0.06981316953897476    2.984999895095825
0.08726646192371845    3.010999917984009
0.10471975430846214    2.990000009536743
0.12217304669320583    3.003999948501587
0.13962633907794952    3.0420000553131104
0.15707963146269321    3.0269999504089355
0.1745329238474369    3.0460000038146973
0.1919862162321806    3.0789999961853027
0.20943950861692429    3.0969998836517334
0.22689280100166798    3.1010000705718994
0.24434609338641167    3.0969998836517334
0.26179938577115536    3.1640000343322754
0.27925267815589905    3.1610000133514404
0.29670597054064274    3.1459999084472656
0.31415926292538643    3.1740000247955322
0.3316125553101301    3.2039999961853027
0.3490658476948738    3.2119998931884766
0.3665191400796175    3.239000082015991
0.3839724324643612    3.2769999504089355
0.4014257248491049    3.2360000610351562
0.41887901723384857    3.115000009536743
0.43633230961859226    3.1029999256134033
0.45378560200333595    3.1470000743865967
0.47123889438807964    3.1600000858306885
0.48869218677282333    3.1649999618530273
0.506145479157567    3.2339999675750732
0.5235987715423107    3.2730000019073486
0.5410520639270544    3.315000057220459
0.5585053563117981    3.3559999465942383
0.5759586486965418    3.325000047683716
0.5934119410812855    3.4070000648498535
0.6108652334660292    3.5
0.6283185258507729    3.431999921798706
0.6457718182355165    3.5139999389648438
0.6632251106202602    3.5820000171661377
0.6806784030050039    3.6440000534057617
0.6981316953897476    3.8269999027252197
0.7155849877744913    3.8480000495910645
0.733038280159235    4.067999839782715
0.7504915725439787    3.984999895095825
0.7679448649287224    2.6630001068115234
0.7853981573134661    2.61899995803833
0.8028514496982098    2.5799999237060547
0.8203047420829535    2.546999931335449
0.8377580344676971    2.490999937057495
0.8552113268524408    2.4560000896453857
0.8726646192371845    2.434999942779541
0.8901179116219282    2.385999917984009
0.9075712040066719    2.365000009536743
0.9250244963914156    2.3310000896453857
0.9424777887761593    2.2990000247955322
0.959931081160903    2.260999917984009
0.9773843735456467    2.259000062942505
0.9948376659303904    2.2290000915527344
1.012290958315134    2.191999912261963
1.0297442506998777    2.177000045776367
1.0471975430846214    2.1570000648498535
1.0646508354693651    2.121999979019165
1.0821041278541088    2.115999937057495
1.0995574202388525    2.0969998836517334
1.1170107126235962    2.1010000705718994
1.1344640050083399    2.072999954223633
1.1519172973930836    2.055999994277954
1.1693705897778273    2.061000108718872
1.186823882162571    2.0429999828338623
1.2042771745473146    2.0320000648498535
1.2217304669320583    2.01200008392334
1.239183759316802    2.003000020980835
1.2566370517015457    1.9850000143051147
1.2740903440862894    1.9889999628067017
1.291543636471033    1.972000002861023
1.3089969288557768    1.9789999723434448
1.3264502212405205    1.9579999446868896
1.3439035136252642    1.9539999961853027
1.3613568060100079    1.965000033378601
1.3788100983947515    1.9509999752044678
1.3962633907794952    1.9550000429153442
1.413716683164239    1.9359999895095825
1.4311699755489826    1.940999984741211
1.4486232679337263    1.937999963760376
1.46607656031847    1.9420000314712524
1.4835298527032137    1.9210000038146973
1.5009831450879574    1.940999984741211
1.518436437472701    1.937999963760376
1.5358897298574448    1.940000057220459
1.5533430222421885    1.9429999589920044
1.5707963146269321    1.9329999685287476
1.5882496070116758    1.934999942779541
1.6057028993964195    1.9470000267028809
1.6231561917811632    1.9470000267028809
1.640609484165907    1.944000005722046
1.6580627765506506    1.9479999542236328
1.6755160689353943    1.9470000267028809
1.692969361320138    1.9639999866485596
1.7104226537048817    1.9700000286102295
1.7278759460896254    1.968000054359436
1.745329238474369    1.9739999771118164
1.7627825308591127    1.9930000305175781
1.7802358232438564    2.0
1.7976891156286001    2.00600004196167
1.8151424080133438    2.009999990463257
1.8325957003980875    2.0209999084472656
1.8500489927828312    2.0220000743865967
1.8675022851675749    2.0420000553131104
1.8849555775523186    2.0380001068115234
1.9024088699370623    2.071000099182129
1.919862162321806    2.0810000896453857
1.9373154547065496    2.0969998836517334
1.9547687470912933    2.0989999771118164
1.972222039476037    2.131999969482422
1.9896753318607807    2.132999897003174
2.0071286242455244    2.1500000953674316
2.024581916630268    2.184999942779541
2.042035209015012    2.2070000171661377
2.0594885013997555    2.246000051498413
2.076941793784499    2.2829999923706055
2.094395086169243    2.309000015258789
2.1118483785539865    2.3340001106262207
2.1293016709387302    2.3459999561309814
2.146754963323474    2.38100004196167
2.1642082557082176    2.421999931335449
2.1816615480929613    2.4549999237060547
2.199114840477705    2.499000072479248
2.2165681328624487    2.5299999713897705
2.2340214252471924    2.5369999408721924
2.251474717631936    2.5899999141693115
2.2689280100166798    2.6519999504089355
2.2863813024014235    2.694999933242798
2.303834594786167    2.697000026702881
2.321287887170911    2.7760000228881836
2.3387411795556545    2.8269999027252197
2.356194471940398    2.8519999980926514
2.373647764325142    2.8259999752044678
2.3911010567098856    2.7899999618530273
2.4085543490946293    2.7239999771118164
2.426007641479373    2.6760001182556152
2.4434609338641167    2.6659998893737793
2.4609142262488604    2.6429998874664307
2.478367518633604    2.5999999046325684
2.4958208110183477    2.559999942779541
2.5132741034030914    2.5899999141693115
2.530727395787835    2.6589999198913574
2.548180688172579    2.7290000915527344
2.5656339805573225    2.7939999103546143
2.583087272942066    2.8949999809265137
2.60054056532681    2.9749999046325684
2.6179938577115536    3.115000009536743
2.6354471500962973    3.187999963760376
2.652900442481041    3.3350000381469727
2.6703537348657846    3.5380001068115234
2.6878070272505283    3.61899995803833
2.705260319635272    0.0
2.7227136120200157    0.0
2.7401669044047594    4.14900016784668
2.757620196789503    4.144000053405762
2.775073489174247    4.13100004196167
2.7925267815589905    4.0960001945495605
2.809980073943734    4.026000022888184
2.827433366328478    4.0929999351501465
2.8448866587132215    4.086999893188477
2.8623399510979652    0.0
2.879793243482709    0.0
2.8972465358674526    0.0
2.9146998282521963    0.0
2.93215312063694    0.0
2.9496064130216837    0.0
2.9670597054064274    0.0
2.984512997791171    0.0
3.0019662901759148    0.0
3.0194195825606585    0.0
3.036872874945402    0.0
3.054326167330146    0.0
3.0717794597148895    0.0
3.089232752099633    0.0
3.106686044484377    0.0
3.1241393368691206    0.0
3.1415926292538643    0.0
3.159045921638608    0.0
3.1764992140233517    0.0
3.1939525064080954    0.0
3.211405798792839    0.0
3.2288590911775827    0.0
3.2463123835623264    0.0
3.26376567594707    0.0
3.281218968331814    0.0
3.2986722607165575    0.0
3.316125553101301    0.0
3.333578845486045    0.0
3.3510321378707886    0.0
3.3684854302555323    0.0
3.385938722640276    0.0
3.4033920150250196    0.0
3.4208453074097633    0.0
3.438298599794507    3.193000078201294
3.4557518921792507    3.0759999752044678
3.4732051845639944    2.930999994277954
3.490658476948738    2.805999994277954
3.508111769333482    2.6710000038146973
3.5255650617182255    2.5840001106262207
3.543018354102969    2.50600004196167
3.560471646487713    2.3450000286102295
3.5779249388724566    2.3519999980926514
3.5953782312572002    2.3610000610351562
3.612831523641944    2.4170000553131104
3.6302848160266876    2.4149999618530273
3.6477381084114313    2.4609999656677246
3.665191400796175    2.493000030517578
3.6826446931809187    2.5160000324249268
3.7000979855656624    2.5350000858306885
3.717551277950406    2.5869998931884766
3.7350045703351498    2.5989999771118164
3.7524578627198935    2.6429998874664307
3.769911155104637    2.686000108718872
3.787364447489381    0.0
3.8048177398741245    0.0
3.822271032258868    0.0
3.839724324643612    0.0
3.8571776170283556    0.0
3.8746309094130993    0.0
3.892084201797843    4.165999889373779
3.9095374941825867    0.0
3.9269907865673304    0.0
3.944444078952074    1.593999981880188
3.9618973713368177    1.5839999914169312
3.9793506637215614    1.590999960899353
3.996803956106305    1.5
4.014257248491049    1.4329999685287476
4.0317105408757925    1.4559999704360962
4.049163833260536    1.4930000305175781
4.06661712564528    1.4859999418258667
4.084070418030024    0.0
4.101523710414767    0.0
4.118977002799511    0.0
4.136430295184255    0.0
4.153883587568998    0.0
4.171336879953742    0.0
4.188790172338486    0.0
4.206243464723229    0.0
4.223696757107973    0.0
4.241150049492717    0.0
4.2586033418774605    0.0
4.276056634262204    0.0
4.293509926646948    0.0
4.3109632190316916    0.0
4.328416511416435    0.0
4.345869803801179    0.0
4.363323096185923    0.0
4.380776388570666    0.0
4.39822968095541    0.0
4.415682973340154    0.0
4.433136265724897    0.0
4.450589558109641    0.0
4.468042850494385    1.5290000438690186
4.4854961428791285    1.5160000324249268
4.502949435263872    0.0
4.520402727648616    1.4900000095367432
4.5378560200333595    1.5399999618530273
4.555309312418103    1.4889999628067017
4.572762604802847    1.5230000019073486
4.590215897187591    1.4830000400543213
4.607669189572334    1.527999997138977
4.625122481957078    1.5169999599456787
4.642575774341822    1.4759999513626099
4.660029066726565    1.4919999837875366
4.677482359111309    1.4819999933242798
4.694935651496053    1.50600004196167
4.712388943880796    1.5010000467300415
4.72984223626554    0.0
4.747295528650284    3.306999921798706
4.7647488210350275    0.0
4.782202113419771    0.0
4.799655405804515    2.0199999809265137
4.817108698189259    0.0
4.834561990574002    0.0
4.852015282958746    0.0
4.86946857534349    0.0
4.886921867728233    0.0
4.904375160112977    0.0
4.921828452497721    0.0
4.939281744882464    0.0
4.956735037267208    0.0
4.974188329651952    0.0
4.9916416220366955    0.0
5.009094914421439    0.0
5.026548206806183    0.0
5.0440014991909266    0.0
5.06145479157567    0.0
5.078908083960414    0.0
5.096361376345158    0.0
5.113814668729901    0.0
5.131267961114645    0.0
5.148721253499389    0.0
5.166174545884132    0.0
5.183627838268876    0.0
5.20108113065362    0.0
5.2185344230383635    4.043000221252441
5.235987715423107    0.0
5.253441007807851    0.0
5.2708943001925945    0.0
5.288347592577338    3.753999948501587
5.305800884962082    0.0
5.323254177346826    0.0
5.340707469731569    3.3970000743865967
5.358160762116313    3.312000036239624
5.375614054501057    3.246999979019165
5.3930673468858    3.180000066757202
5.410520639270544    3.0950000286102295
5.427973931655288    0.0
5.445427224040031    0.0
5.462880516424775    2.934000015258789
5.480333808809519    2.8910000324249268
5.4977871011942625    2.8389999866485596
5.515240393579006    2.7690000534057617
5.53269368596375    2.7119998931884766
5.550146978348494    2.6740000247955322
5.567600270733237    2.6480000019073486
5.585053563117981    2.624000072479248
5.602506855502725    2.572999954223633
5.619960147887468    2.5439999103546143
5.637413440272212    2.51200008392334
5.654866732656956    2.492000102996826
5.672320025041699    2.4670000076293945
5.689773317426443    2.437999963760376
5.707226609811187    2.4049999713897705
5.7246799021959305    2.38100004196167
5.742133194580674    2.3320000171661377
5.759586486965418    2.322999954223633
5.7770397793501616    2.305000066757202
5.794493071734905    2.361999988555908
5.811946364119649    2.4639999866485596
5.829399656504393    2.571000099182129
5.846852948889136    2.697000026702881
5.86430624127388    2.799999952316284
5.881759533658624    2.696000099182129
5.899212826043367    2.753999948501587
5.916666118428111    2.7079999446868896
5.934119410812855    2.7279999256134033
5.9515727031975985    0.0
5.969025995582342    0.0
5.986479287967086    3.068000078201294
6.0039325803518295    3.075000047683716
6.021385872736573    3.0450000762939453
6.038839165121317    2.937000036239624
6.056292457506061    3.052999973297119
6.073745749890804    3.0439999103546143
6.091199042275548    2.132999897003174
6.108652334660292    2.1070001125335693
6.126105627045035    2.078000068664551
6.143558919429779    2.0899999141693115
6.161012211814523    2.1019999980926514
6.178465504199266    2.9719998836517334
6.19591879658401    1.9789999723434448
6.213372088968754    1.9769999980926514
6.2308253813534975    1.9459999799728394
6.248278673738241    1.934000015258789
6.265731966122985    2.9769999980926514
0.0    2.9809999465942383
0.01745329238474369    2.9679999351501465
0.03490658476948738    2.9519999027252197
0.05235987715423107    3.015000104904175
0.06981316953897476    2.986999988555908
0.08726646192371845    2.997999906539917
0.10471975430846214    3.000999927520752
0.12217304669320583    3.0439999103546143
0.13962633907794952    3.0260000228881836
0.15707963146269321    3.0169999599456787
0.1745329238474369    3.075000047683716
0.1919862162321806    3.0350000858306885
0.20943950861692429    3.0769999027252197
0.22689280100166798    3.069999933242798
0.24434609338641167    3.1040000915527344
0.26179938577115536    3.11299991607666
0.27925267815589905    3.1549999713897705
0.29670597054064274    3.1579999923706055
0.31415926292538643    3.187999963760376
0.3316125553101301    3.2200000286102295
0.3490658476948738    3.25
0.3665191400796175    3.25600004196167
0.3839724324643612    3.2890000343322754
0.4014257248491049    3.240000009536743
0.41887901723384857    3.0829999446868896
0.43633230961859226    3.140000104904175
0.45378560200333595    3.1570000648498535
0.47123889438807964    3.1549999713897705
0.48869218677282333    3.196000099182129
0.506145479157567    3.240999937057495
0.5235987715423107    3.252000093460083
0.5410520639270544    3.302999973297119
0.5585053563117981    3.315000057220459
0.5759586486965418    3.311000108718872
0.5934119410812855    3.4260001182556152
0.6108652334660292    3.4200000762939453
0.6283185258507729    3.490999937057495
0.6457718182355165    3.5290000438690186
0.6632251106202602    3.5199999809265137
0.6806784030050039    3.7009999752044678
0.6981316953897476    3.7699999809265137
0.7155849877744913    3.8499999046325684
0.733038280159235    3.8519999980926514
0.7504915725439787    4.019999980926514
0.7679448649287224    2.631999969482422
0.7853981573134661    2.6029999256134033
0.8028514496982098    2.559999942779541
0.8203047420829535    2.5199999809265137
0.8377580344676971    2.5
0.8552113268524408    2.4509999752044678
0.8726646192371845    2.421999931335449
0.8901179116219282    2.384999990463257
0.9075712040066719    2.3589999675750732
0.9250244963914156    2.3380000591278076
0.9424777887761593    2.303999900817871
0.959931081160903    2.2309999465942383
0.9773843735456467    2.2720000743865967
0.9948376659303904    2.2219998836517334
1.012290958315134    2.2160000801086426
1.0297442506998777    2.1710000038146973
1.0471975430846214    2.1630001068115234
1.0646508354693651    2.115999937057495
1.0821041278541088    2.109999895095825
1.0995574202388525    2.0859999656677246
1.1170107126235962    2.1019999980926514
1.1344640050083399    2.069000005722046
1.1519172973930836    2.065999984741211
1.1693705897778273    2.053999900817871
1.186823882162571    2.0409998893737793
1.2042771745473146    2.0230000019073486
1.2217304669320583    2.009000062942505
1.239183759316802    2.0
1.2566370517015457    1.9900000095367432
1.2740903440862894    1.996000051498413
1.291543636471033    1.965999960899353
1.3089969288557768    1.9700000286102295
1.3264502212405205    1.9800000190734863
1.3439035136252642    1.9639999866485596
1.3613568060100079    1.9609999656677246
1.3788100983947515    1.9500000476837158
1.3962633907794952    1.944000005722046
1.413716683164239    1.9450000524520874
1.4311699755489826    1.9420000314712524
1.4486232679337263    1.937000036239624
1.46607656031847    1.9429999589920044
1.4835298527032137    1.9359999895095825
1.5009831450879574    1.9450000524520874
1.518436437472701    1.937000036239624
1.5358897298574448    1.9470000267028809
1.5533430222421885    1.934000015258789
1.5707963146269321    1.934999942779541
1.5882496070116758    1.934000015258789
1.6057028993964195    1.940000057220459
1.6231561917811632    1.940999984741211
1.640609484165907    1.9500000476837158
1.6580627765506506    1.9600000381469727
1.6755160689353943    1.9420000314712524
1.692969361320138    1.9670000076293945
1.7104226537048817    1.9609999656677246
1.7278759460896254    1.9819999933242798
1.745329238474369    1.9869999885559082
1.7627825308591127    1.9869999885559082
1.7802358232438564    1.9980000257492065
1.7976891156286001    2.006999969482422
1.8151424080133438    2.0290000438690186
1.8325957003980875    2.0179998874664307
1.8500489927828312    2.0250000953674316
1.8675022851675749    2.0399999618530273
1.8849555775523186    2.0390000343322754
1.9024088699370623    2.0769999027252197
1.919862162321806    2.072999954223633
1.9373154547065496    2.0920000076293945
1.9547687470912933    2.0959999561309814
1.972222039476037    2.125
1.9896753318607807    2.1419999599456787
2.0071286242455244    2.1679999828338623
2.024581916630268    2.187999963760376
2.042035209015012    2.193000078201294
2.0594885013997555    2.2309999465942383
2.076941793784499    2.2850000858306885
2.094395086169243    2.303999900817871
2.1118483785539865    2.3320000171661377
2.1293016709387302    2.3540000915527344
2.146754963323474    2.36899995803833
2.1642082557082176    2.4179999828338623
2.1816615480929613    2.4549999237060547
2.199114840477705    2.486999988555908
2.2165681328624487    2.490000009536743
2.2340214252471924    2.5399999618530273
2.251474717631936    2.5910000801086426
2.2689280100166798    2.6549999713897705
2.2863813024014235    2.691999912261963
2.303834594786167    2.7209999561309814
2.321287887170911    2.7709999084472656
2.3387411795556545    2.8580000400543213
2.356194471940398    2.882999897003174
2.373647764325142    2.7839999198913574
2.3911010567098856    2.753999948501587
2.4085543490946293    2.7320001125335693
2.426007641479373    2.7049999237060547
2.4434609338641167    2.6640000343322754
2.4609142262488604    2.617000102996826
2.478367518633604    2.6059999465942383
2.4958208110183477    2.552000045776367
2.5132741034030914    2.569000005722046
2.530727395787835    2.6429998874664307
2.548180688172579    2.7119998931884766
2.5656339805573225    2.8440001010894775
2.583087272942066    2.884000062942505
2.60054056532681    2.9609999656677246
2.6179938577115536    3.0950000286102295
2.6354471500962973    3.2909998893737793
2.652900442481041    3.515000104904175
2.6703537348657846    3.739000082015991
2.6878070272505283    3.6440000534057617
2.705260319635272    4.191999912261963
2.7227136120200157    4.169000148773193
2.7401669044047594    4.126999855041504
2.757620196789503    4.140999794006348
2.775073489174247    4.104000091552734
2.7925267815589905    4.086999893188477
2.809980073943734    4.039000034332275
2.827433366328478    4.105999946594238
2.8448866587132215    4.019999980926514
2.8623399510979652    0.0
2.879793243482709    0.0
2.8972465358674526    0.0
2.9146998282521963    0.0
2.93215312063694    0.0
2.9496064130216837    0.0
2.9670597054064274    0.0
2.984512997791171    0.0
3.0019662901759148    0.0
3.0194195825606585    0.0
3.036872874945402    0.0
3.054326167330146    0.0
3.0717794597148895    0.0
3.089232752099633    0.0
3.106686044484377    0.0
3.1241393368691206    0.0
3.1415926292538643    0.0
3.159045921638608    0.0
3.1764992140233517    0.0
3.1939525064080954    0.0
3.211405798792839    0.0
3.2288590911775827    0.0
3.2463123835623264    0.0
3.26376567594707    0.0
3.281218968331814    0.0
3.2986722607165575    0.0
3.316125553101301    0.0
3.333578845486045    0.0
3.3510321378707886    0.0
3.3684854302555323    0.0
3.385938722640276    0.0
3.4033920150250196    0.0
3.4208453074097633    0.0
3.438298599794507    3.180999994277954
3.4557518921792507    3.0739998817443848
3.4732051845639944    2.9179999828338623
3.490658476948738    2.8010001182556152
3.508111769333482    2.677999973297119
3.5255650617182255    2.566999912261963
3.543018354102969    2.486999988555908
3.560471646487713    2.384999990463257
3.5779249388724566    2.361999988555908
3.5953782312572002    2.375
3.612831523641944    2.390000104904175
3.6302848160266876    2.4230000972747803
3.6477381084114313    2.4590001106262207
3.665191400796175    2.4839999675750732
3.6826446931809187    2.49399995803833
3.7000979855656624    2.5369999408721924
3.717551277950406    2.5840001106262207
3.7350045703351498    2.6010000705718994
3.7524578627198935    1.3020000457763672
3.769911155104637    1.2719999551773071
3.787364447489381    1.277999997138977
3.8048177398741245    1.2740000486373901
3.822271032258868    1.2640000581741333
3.839724324643612    1.2410000562667847
3.8571776170283556    0.0
3.8746309094130993    4.146999835968018
3.892084201797843    0.0
3.9095374941825867    0.0
3.9269907865673304    0.0
3.944444078952074    1.5820000171661377
3.9618973713368177    1.5640000104904175
3.9793506637215614    1.5870000123977661
3.996803956106305    1.6009999513626099
4.014257248491049    0.0
4.0317105408757925    0.0
4.049163833260536    0.0
4.06661712564528    0.0
4.084070418030024    0.0
4.101523710414767    0.0
4.118977002799511    0.0
4.136430295184255    0.0
4.153883587568998    0.0
4.171336879953742    0.0
4.188790172338486    0.0
4.206243464723229    0.0
4.223696757107973    0.0
4.241150049492717    0.0
4.2586033418774605    0.0
4.276056634262204    0.0
4.293509926646948    0.0
4.3109632190316916    0.0
4.328416511416435    0.0
4.345869803801179    0.0
4.363323096185923    0.0
4.380776388570666    0.0
4.39822968095541    0.0
4.415682973340154    0.0
4.433136265724897    0.0
4.450589558109641    0.0
4.468042850494385    1.5470000505447388
4.4854961428791285    1.496999979019165
4.502949435263872    0.0
4.520402727648616    1.5169999599456787
4.5378560200333595    1.4889999628067017
4.555309312418103    1.5080000162124634
4.572762604802847    1.496999979019165
4.590215897187591    1.496000051498413
4.607669189572334    1.4869999885559082
4.625122481957078    1.4839999675750732
4.642575774341822    1.4910000562667847
4.660029066726565    1.4809999465942383
4.677482359111309    1.4880000352859497
4.694935651496053    1.4859999418258667
4.712388943880796    1.5149999856948853
4.72984223626554    0.0
4.747295528650284    0.0
4.7647488210350275    0.0
4.782202113419771    0.0
4.799655405804515    2.052000045776367
4.817108698189259    0.0
4.834561990574002    0.0
4.852015282958746    0.0
4.86946857534349    0.0
4.886921867728233    0.0
4.904375160112977    0.0
4.921828452497721    0.0
4.939281744882464    0.0
4.956735037267208    0.0
4.974188329651952    0.0
4.9916416220366955    0.0
5.009094914421439    0.0
5.026548206806183    0.0
5.0440014991909266    0.0
5.06145479157567    0.0
5.078908083960414    0.0
5.096361376345158    0.0
5.113814668729901    0.0
5.131267961114645    0.0
5.148721253499389    0.0
5.166174545884132    0.0
5.183627838268876    0.0
5.20108113065362    0.0
5.2185344230383635    0.0
5.235987715423107    0.0
5.253441007807851    0.0
5.2708943001925945    0.0
5.288347592577338    3.5299999713897705
5.305800884962082    0.0
5.323254177346826    0.0
5.340707469731569    3.369999885559082
5.358160762116313    0.0
5.375614054501057    3.2139999866485596
5.3930673468858    3.180000066757202
5.410520639270544    3.134999990463257
5.427973931655288    0.0
5.445427224040031    0.0
5.462880516424775    2.9560000896453857
5.480333808809519    2.9070000648498535
5.4977871011942625    2.809999942779541
5.515240393579006    2.7869999408721924
5.53269368596375    2.742000102996826
5.550146978348494    2.687000036239624
5.567600270733237    2.6540000438690186
5.585053563117981    2.6029999256134033
5.602506855502725    2.5510001182556152
5.619960147887468    2.5510001182556152
5.637413440272212    2.5239999294281006
5.654866732656956    2.484999895095825
5.672320025041699    2.4539999961853027
5.689773317426443    2.434000015258789
5.707226609811187    2.3929998874664307
5.7246799021959305    2.368000030517578
5.742133194580674    2.3380000591278076
5.759586486965418    2.3340001106262207
5.7770397793501616    2.302000045776367
5.794493071734905    2.3580000400543213
5.811946364119649    2.4570000171661377
5.829399656504393    2.572999954223633
5.846852948889136    2.6740000247955322
5.86430624127388    2.805999994277954
5.881759533658624    2.7669999599456787
5.899212826043367    2.736999988555908
5.916666118428111    2.7079999446868896
5.934119410812855    2.7209999561309814
5.9515727031975985    0.0
5.969025995582342    0.0
5.986479287967086    3.062000036239624
6.0039325803518295    3.0929999351501465
6.021385872736573    3.065000057220459
6.038839165121317    2.934999942779541
6.056292457506061    3.0490000247955322
6.073745749890804    3.002000093460083
6.091199042275548    2.999000072479248
6.108652334660292    2.010999917984009
6.126105627045035    2.0269999504089355
6.143558919429779    2.0460000038146973
6.161012211814523    2.1080000400543213
6.178465504199266    2.999000072479248
6.19591879658401    2.9719998836517334
6.213372088968754    2.1480000019073486
6.2308253813534975    2.0199999809265137
6.248278673738241    2.0169999599456787
6.265731966122985    2.063999891281128
0.0    1.8559999465942383
0.01745329238474369    1.8660000562667847
0.03490658476948738    2.815999984741211
0.05235987715423107    2.9769999980926514
0.06981316953897476    3.005000114440918
0.08726646192371845    3.007999897003174
0.10471975430846214    3.009999990463257
0.12217304669320583    3.0290000438690186
0.13962633907794952    3.003000020980835
0.15707963146269321    3.0339999198913574
0.1745329238474369    3.0450000762939453
0.1919862162321806    3.0789999961853027
0.20943950861692429    3.071000099182129
0.22689280100166798    3.115999937057495
0.24434609338641167    3.0869998931884766
0.26179938577115536    3.114000082015991
0.27925267815589905    3.140000104904175
0.29670597054064274    3.1540000438690186
0.31415926292538643    3.178999900817871
0.3316125553101301    3.196000099182129
0.3490658476948738    3.2320001125335693
0.3665191400796175    3.249000072479248
0.3839724324643612    3.2820000648498535
0.4014257248491049    3.2149999141693115
0.41887901723384857    3.1040000915527344
0.43633230961859226    3.0969998836517334
0.45378560200333595    3.1410000324249268
0.47123889438807964    3.1570000648498535
0.48869218677282333    3.197000026702881
0.506145479157567    3.2190001010894775
0.5235987715423107    3.2799999713897705
0.5410520639270544    3.319999933242798
0.5585053563117981    3.3329999446868896
0.5759586486965418    3.375
0.5934119410812855    3.359999895095825
0.6108652334660292    3.4260001182556152
0.6283185258507729    3.453000068664551
0.6457718182355165    3.4179999828338623
0.6632251106202602    3.611999988555908
0.6806784030050039    3.694000005722046
0.6981316953897476    3.7780001163482666
0.7155849877744913    3.815000057220459
0.733038280159235    3.880000114440918
0.7504915725439787    4.103000164031982
0.7679448649287224    2.6579999923706055
0.7853981573134661    2.6019999980926514
0.8028514496982098    2.572999954223633
0.8203047420829535    2.5320000648498535
0.8377580344676971    2.492000102996826
0.8552113268524408    2.4489998817443848
0.8726646192371845    2.424999952316284
0.8901179116219282    2.375999927520752
0.9075712040066719    2.36299991607666
0.9250244963914156    2.3239998817443848
0.9424777887761593    2.3010001182556152
0.959931081160903    2.2669999599456787
0.9773843735456467    2.239000082015991
0.9948376659303904    2.2360000610351562
1.012290958315134    2.197000026702881
1.0297442506998777    2.180000066757202
1.0471975430846214    2.1640000343322754
1.0646508354693651    2.132999897003174
1.0821041278541088    2.115999937057495
1.0995574202388525    2.0910000801086426
1.1170107126235962    2.1029999256134033
1.1344640050083399    2.071000099182129
1.1519172973930836    2.061000108718872
1.1693705897778273    2.0490000247955322
1.186823882162571    2.0429999828338623
1.2042771745473146    2.0250000953674316
1.2217304669320583    2.01200008392334
1.239183759316802    2.007999897003174
1.2566370517015457    1.9950000047683716
1.2740903440862894    1.9900000095367432
1.291543636471033    1.9709999561309814
1.3089969288557768    1.9780000448226929
1.3264502212405205    1.965999960899353
1.3439035136252642    1.965999960899353
1.3613568060100079    1.9509999752044678
1.3788100983947515    1.9520000219345093
1.3962633907794952    1.9500000476837158
1.413716683164239    1.9420000314712524
1.4311699755489826    1.934000015258789
1.4486232679337263    1.9359999895095825
1.46607656031847    1.9450000524520874
1.4835298527032137    1.934000015258789
1.5009831450879574    1.940000057220459
1.518436437472701    1.9320000410079956
1.5358897298574448    1.940000057220459
1.5533430222421885    1.9359999895095825
1.5707963146269321    1.934000015258789
1.5882496070116758    1.9190000295639038
1.6057028993964195    1.9479999542236328
1.6231561917811632    1.937000036239624
1.640609484165907    1.9479999542236328
1.6580627765506506    1.9550000429153442
1.6755160689353943    1.9529999494552612
1.692969361320138    1.9670000076293945
1.7104226537048817    1.9609999656677246
1.7278759460896254    1.975000023841858
1.745329238474369    1.9830000400543213
1.7627825308591127    1.9950000047683716
1.7802358232438564    1.9900000095367432
1.7976891156286001    2.000999927520752
1.8151424080133438    2.0199999809265137
1.8325957003980875    2.0190000534057617
1.8500489927828312    2.0280001163482666
1.8675022851675749    2.0399999618530273
1.8849555775523186    2.0350000858306885
1.9024088699370623    2.072999954223633
1.919862162321806    2.0850000381469727
1.9373154547065496    2.0929999351501465
1.9547687470912933    2.1019999980926514
1.972222039476037    2.124000072479248
1.9896753318607807    2.134000062942505
2.0071286242455244    2.1579999923706055
2.024581916630268    2.193000078201294
2.042035209015012    2.2360000610351562
2.0594885013997555    2.23799991607666
2.076941793784499    2.2850000858306885
2.094395086169243    2.2980000972747803
2.1118483785539865    2.3329999446868896
2.1293016709387302    2.3389999866485596
2.146754963323474    2.384000062942505
2.1642082557082176    2.4100000858306885
2.1816615480929613    2.4600000381469727
2.199114840477705    2.486999988555908
2.2165681328624487    2.500999927520752
2.2340214252471924    2.5420000553131104
2.251474717631936    2.6070001125335693
2.2689280100166798    2.6579999923706055
2.2863813024014235    2.6540000438690186
2.303834594786167    2.7230000495910645
2.321287887170911    2.7709999084472656
2.3387411795556545    2.8380000591278076
2.356194471940398    2.8559999465942383
2.373647764325142    2.7980000972747803
2.3911010567098856    2.7899999618530273
2.4085543490946293    2.7149999141693115
2.426007641479373    2.7160000801086426
2.4434609338641167    2.6540000438690186
2.4609142262488604    2.631999969482422
2.478367518633604    2.5859999656677246
2.4958208110183477    2.5490000247955322
2.5132741034030914    2.5859999656677246
2.530727395787835    2.6600000858306885
2.548180688172579    2.7320001125335693
2.5656339805573225    2.8510000705718994
2.583087272942066    2.881999969482422
2.60054056532681    2.9509999752044678
2.6179938577115536    3.058000087738037
2.6354471500962973    3.2139999866485596
2.652900442481041    3.4670000076293945
2.6703537348657846    3.555999994277954
2.6878070272505283    3.693000078201294
2.705260319635272    0.0
2.7227136120200157    4.177000045776367
2.7401669044047594    4.158999919891357
2.757620196789503    4.140999794006348
2.775073489174247    4.14300012588501
2.7925267815589905    4.064000129699707
2.809980073943734    4.192999839782715
2.827433366328478    4.040999889373779
2.8448866587132215    4.0370001792907715
2.8623399510979652    0.0
2.879793243482709    0.0
2.8972465358674526    0.0
2.9146998282521963    0.0
2.93215312063694    0.0
2.9496064130216837    0.0
2.9670597054064274    0.0
2.984512997791171    0.0
3.0019662901759148    0.0
3.0194195825606585    0.0
3.036872874945402    0.0
3.054326167330146    0.0
3.0717794597148895    0.0
3.089232752099633    0.0
3.106686044484377    0.0
3.1241393368691206    0.0
3.1415926292538643    0.0
3.159045921638608    0.0
3.1764992140233517    0.0
3.1939525064080954    0.0
3.211405798792839    0.0
3.2288590911775827    0.0
3.2463123835623264    0.0
3.26376567594707    0.0
3.281218968331814    0.0
3.2986722607165575    0.0
3.316125553101301    0.0
3.333578845486045    0.0
3.3510321378707886    0.0
3.3684854302555323    0.0
3.385938722640276    0.0
3.4033920150250196    0.0
3.4208453074097633    0.0
3.438298599794507    3.2079999446868896
3.4557518921792507    3.0739998817443848
3.4732051845639944    2.9170000553131104
3.490658476948738    2.805000066757202
3.508111769333482    2.677000045776367
3.5255650617182255    2.5789999961853027
3.543018354102969    2.4709999561309814
3.560471646487713    2.372999906539917
3.5779249388724566    2.3570001125335693
3.5953782312572002    2.378999948501587
3.612831523641944    2.4049999713897705
3.6302848160266876    2.4240000247955322
3.6477381084114313    2.4709999561309814
3.665191400796175    2.4679999351501465
3.6826446931809187    1.2389999628067017
3.7000979855656624    1.25600004196167
3.717551277950406    1.2410000562667847
3.7350045703351498    1.2769999504089355
3.7524578627198935    1.274999976158142
3.769911155104637    1.2799999713897705
3.787364447489381    0.0
3.8048177398741245    0.0
3.822271032258868    0.0
3.839724324643612    0.0
3.8571776170283556    0.0
3.8746309094130993    4.105000019073486
3.892084201797843    0.0
3.9095374941825867    1.5230000019073486
3.9269907865673304    1.562000036239624
3.944444078952074    1.590000033378601
3.9618973713368177    1.5859999656677246
3.9793506637215614    0.0
3.996803956106305    0.0
4.014257248491049    0.0
4.0317105408757925    0.0
4.049163833260536    0.0
4.06661712564528    0.0
4.084070418030024    0.0
4.101523710414767    0.0
4.118977002799511    0.0
4.136430295184255    0.0
4.153883587568998    0.0
4.171336879953742    0.0
4.188790172338486    0.0
4.206243464723229    0.0
4.223696757107973    0.0
4.241150049492717    0.0
4.2586033418774605    0.0
4.276056634262204    0.0
4.293509926646948    0.0
4.3109632190316916    0.0
4.328416511416435    0.0
4.345869803801179    0.0
4.363323096185923    0.0
4.380776388570666    0.0
4.39822968095541    0.0
4.415682973340154    0.0
4.433136265724897    0.0
4.450589558109641    0.0
4.468042850494385    1.5089999437332153
4.4854961428791285    1.5140000581741333
4.502949435263872    1.590999960899353
4.520402727648616    1.5290000438690186
4.5378560200333595    1.4880000352859497
4.555309312418103    1.5399999618530273
4.572762604802847    1.4919999837875366
4.590215897187591    1.4700000286102295
4.607669189572334    1.4819999933242798
4.625122481957078    1.5
4.642575774341822    1.503999948501587
4.660029066726565    1.4930000305175781
4.677482359111309    1.5119999647140503
4.694935651496053    1.49399995803833
4.712388943880796    1.4889999628067017
4.72984223626554    0.0
4.747295528650284    0.0
4.7647488210350275    0.0
4.782202113419771    0.0
4.799655405804515    1.99399995803833
4.817108698189259    0.0
4.834561990574002    0.0
4.852015282958746    0.0
4.86946857534349    0.0
4.886921867728233    0.0
4.904375160112977    0.0
4.921828452497721    0.0
4.939281744882464    0.0
4.956735037267208    0.0
4.974188329651952    0.0
4.9916416220366955    0.0
5.009094914421439    0.0
5.026548206806183    0.0
5.0440014991909266    0.0
5.06145479157567    0.0
5.078908083960414    0.0
5.096361376345158    0.0
5.113814668729901    0.0
5.131267961114645    0.0
5.148721253499389    0.0
5.166174545884132    0.0
5.183627838268876    0.0
5.20108113065362    0.0
5.2185344230383635    0.0
5.235987715423107    0.0
5.253441007807851    0.0
5.2708943001925945    0.0
5.288347592577338    3.6419999599456787
5.305800884962082    0.0
5.323254177346826    0.0
5.340707469731569    3.365000009536743
5.358160762116313    3.180999994277954
5.375614054501057    3.240000009536743
5.3930673468858    3.1600000858306885
5.410520639270544    3.1410000324249268
5.427973931655288    0.0
5.445427224040031    0.0
5.462880516424775    2.9049999713897705
5.480333808809519    2.8420000076293945
5.4977871011942625    2.7890000343322754
5.515240393579006    2.7829999923706055
5.53269368596375    2.753000020980835
5.550146978348494    2.687999963760376
5.567600270733237    2.6659998893737793
5.585053563117981    2.5959999561309814
5.602506855502725    2.562999963760376
5.619960147887468    2.5429999828338623
5.637413440272212    2.5260000228881836
5.654866732656956    2.4839999675750732
5.672320025041699    2.4509999752044678
5.689773317426443    2.431999921798706
5.707226609811187    2.3980000019073486
5.7246799021959305    2.378000020980835
5.742133194580674    2.3429999351501465
5.759586486965418    2.3320000171661377
5.7770397793501616    2.302999973297119
5.794493071734905    2.369999885559082
5.811946364119649    2.4719998836517334
5.829399656504393    2.5829999446868896
5.846852948889136    2.6519999504089355
5.86430624127388    2.8459999561309814
5.881759533658624    2.7950000762939453
5.899212826043367    2.7109999656677246
5.916666118428111    2.7290000915527344
5.934119410812855    2.6989998817443848
5.9515727031975985    0.0
5.969025995582342    0.0
5.986479287967086    3.063999891281128
6.0039325803518295    3.062999963760376
6.021385872736573    3.0439999103546143
6.038839165121317    2.940000057220459
6.056292457506061    3.0239999294281006
6.073745749890804    3.049999952316284
6.091199042275548    3.061000108718872
6.108652334660292    2.0339999198913574
6.126105627045035    2.009999990463257
6.143558919429779    1.975000023841858
6.161012211814523    1.9459999799728394
6.178465504199266    1.9579999446868896
6.19591879658401    2.947999954223633
6.213372088968754    2.6670000553131104
6.2308253813534975    2.0190000534057617
6.248278673738241    2.0190000534057617
6.265731966122985    2.066999912261963
0.0    2.9639999866485596
0.01745329238474369    2.986999988555908
0.03490658476948738    2.9800000190734863
0.05235987715423107    3.0160000324249268
0.06981316953897476    3.009000062942505
0.08726646192371845    2.986999988555908
0.10471975430846214    2.0999999046325684
0.12217304669320583    2.0899999141693115
0.13962633907794952    2.058000087738037
0.15707963146269321    2.059000015258789
0.1745329238474369    2.994999885559082
0.1919862162321806    3.0850000381469727
0.20943950861692429    3.049999952316284
0.22689280100166798    3.0869998931884766
0.24434609338641167    3.117000102996826
0.26179938577115536    3.125999927520752
0.27925267815589905    3.128000020980835
0.29670597054064274    3.1689999103546143
0.31415926292538643    3.1670000553131104
0.3316125553101301    3.2090001106262207
0.3490658476948738    3.2290000915527344
0.3665191400796175    3.255000114440918
0.3839724324643612    3.263000011444092
0.4014257248491049    3.1989998817443848
0.41887901723384857    3.180000066757202
0.43633230961859226    3.0920000076293945
0.45378560200333595    3.13100004196167
0.47123889438807964    3.1559998989105225
0.48869218677282333    3.177000045776367
0.506145479157567    3.2330000400543213
0.5235987715423107    3.2709999084472656
0.5410520639270544    3.2880001068115234
0.5585053563117981    3.328000068664551
0.5759586486965418    3.3320000171661377
0.5934119410812855    3.2829999923706055
0.6108652334660292    3.687000036239624
0.6283185258507729    3.4170000553131104
0.6457718182355165    3.5420000553131104
0.6632251106202602    3.611999988555908
0.6806784030050039    3.8540000915527344
0.6981316953897476    3.9240000247955322
0.7155849877744913    3.736999988555908
0.733038280159235    3.9049999713897705
0.7504915725439787    4.132999897003174
0.7679448649287224    2.6649999618530273
0.7853981573134661    2.61299991607666
0.8028514496982098    2.565000057220459
0.8203047420829535    2.5160000324249268
0.8377580344676971    2.496000051498413
0.8552113268524408    2.4779999256134033
0.8726646192371845    2.4200000762939453
0.8901179116219282    2.377000093460083
0.9075712040066719    2.3570001125335693
0.9250244963914156    2.3480000495910645
0.9424777887761593    2.2909998893737793
0.959931081160903    2.2790000438690186
0.9773843735456467    2.2669999599456787
0.9948376659303904    2.25
1.012290958315134    2.187000036239624
1.0297442506998777    2.1760001182556152
1.0471975430846214    2.1559998989105225
1.0646508354693651    2.132999897003174
1.0821041278541088    2.115999937057495
1.0995574202388525    2.0989999771118164
1.1170107126235962    2.0959999561309814
1.1344640050083399    2.0799999237060547
1.1519172973930836    2.055999994277954
1.1693705897778273    2.056999921798706
1.186823882162571    2.046999931335449
1.2042771745473146    2.0220000743865967
1.2217304669320583    2.0169999599456787
1.239183759316802    2.006999969482422
1.2566370517015457    2.007999897003174
1.2740903440862894    1.9830000400543213
1.291543636471033    1.9739999771118164
1.3089969288557768    1.9700000286102295
1.3264502212405205    1.9500000476837158
1.3439035136252642    1.968999981880188
1.3613568060100079    1.9670000076293945
1.3788100983947515    1.940999984741211
1.3962633907794952    1.940999984741211
1.413716683164239    1.9359999895095825
1.4311699755489826    1.9429999589920044
1.4486232679337263    1.9210000038146973
1.46607656031847    1.9570000171661377
1.4835298527032137    1.930999994277954
1.5009831450879574    1.9279999732971191
1.518436437472701    1.9249999523162842
1.5358897298574448    1.9459999799728394
1.5533430222421885    1.940000057220459
1.5707963146269321    1.940000057220459
1.5882496070116758    1.9459999799728394
1.6057028993964195    1.9329999685287476
1.6231561917811632    1.9450000524520874
1.640609484165907    1.940999984741211
1.6580627765506506    1.9600000381469727
1.6755160689353943    1.9559999704360962
1.692969361320138    1.9739999771118164
1.7104226537048817    1.9630000591278076
1.7278759460896254    1.9630000591278076
1.745329238474369    1.975000023841858
1.7627825308591127    1.9880000352859497
1.7802358232438564    1.9950000047683716
1.7976891156286001    2.000999927520752
1.8151424080133438    2.002000093460083
1.8325957003980875    2.009999990463257
1.8500489927828312    2.0369999408721924
1.8675022851675749    2.0420000553131104
1.8849555775523186    2.0460000038146973
1.9024088699370623    2.062999963760376
1.919862162321806    2.072000026702881
1.9373154547065496    2.0899999141693115
1.9547687470912933    2.0920000076293945
1.972222039476037    2.119999885559082
1.9896753318607807    2.125999927520752
2.0071286242455244    2.1540000438690186
2.024581916630268    2.1689999103546143
2.042035209015012    2.2060000896453857
2.0594885013997555    2.2309999465942383
2.076941793784499    2.2860000133514404
2.094395086169243    2.2909998893737793
2.1118483785539865    2.3310000896453857
2.1293016709387302    2.3450000286102295
2.146754963323474    2.384999990463257
2.1642082557082176    2.3959999084472656
2.1816615480929613    2.4539999961853027
2.199114840477705    2.4739999771118164
2.2165681328624487    2.503000020980835
2.2340214252471924    2.559000015258789
2.251474717631936    2.5880000591278076
2.2689280100166798    2.6480000019073486
2.2863813024014235    2.681999921798706
2.303834594786167    2.7330000400543213
2.321287887170911    2.7690000534057617
2.3387411795556545    2.813999891281128
2.356194471940398    2.875999927520752
2.373647764325142    2.8480000495910645
2.3911010567098856    2.7890000343322754
2.4085543490946293    2.7939999103546143
2.426007641479373    2.7009999752044678
2.4434609338641167    2.6589999198913574
2.4609142262488604    2.6419999599456787
2.478367518633604    2.6070001125335693
2.4958208110183477    2.566999912261963
2.5132741034030914    2.565000057220459
2.530727395787835    2.628999948501587
2.548180688172579    2.7269999980926514
2.5656339805573225    2.822000026702881
2.583087272942066    2.9010000228881836
2.60054056532681    2.9560000896453857
2.6179938577115536    3.0910000801086426
2.6354471500962973    3.183000087738037
2.652900442481041    3.316999912261963
2.6703537348657846    3.5429999828338623
2.6878070272505283    3.635999917984009
2.705260319635272    0.0
2.7227136120200157    0.0
2.7401669044047594    4.177000045776367
2.757620196789503    4.11899995803833
2.775073489174247    4.125999927520752
2.7925267815589905    4.083000183105469
2.809980073943734    4.091000080108643
2.827433366328478    4.065000057220459
2.8448866587132215    4.039000034332275
2.8623399510979652    0.0
2.879793243482709    0.0
2.8972465358674526    0.0
2.9146998282521963    0.0
2.93215312063694    0.0
2.9496064130216837    0.0
2.9670597054064274    0.0
2.984512997791171    0.0
3.0019662901759148    0.0
3.0194195825606585    0.0
3.036872874945402    0.0
3.054326167330146    0.0
3.0717794597148895    0.0
3.089232752099633    0.0
3.106686044484377    0.0
3.1241393368691206    0.0
3.1415926292538643    0.0
3.159045921638608    0.0
3.1764992140233517    0.0
3.1939525064080954    0.0
3.211405798792839    0.0
3.2288590911775827    0.0
3.2463123835623264    0.0
3.26376567594707    0.0
3.281218968331814    0.0
3.2986722607165575    0.0
3.316125553101301    0.0
3.333578845486045    0.0
3.3510321378707886    0.0
3.3684854302555323    0.0
3.385938722640276    0.0
3.4033920150250196    0.0
3.4208453074097633    0.0
3.438298599794507    3.2170000076293945
3.4557518921792507    3.0869998931884766
3.4732051845639944    2.9779999256134033
3.490658476948738    2.8310000896453857
3.508111769333482    2.746000051498413
3.5255650617182255    2.5920000076293945
3.543018354102969    2.490999937057495
3.560471646487713    2.4189999103546143
3.5779249388724566    2.365999937057495
3.5953782312572002    2.388000011444092
3.612831523641944    2.385999917984009
3.6302848160266876    2.4049999713897705
3.6477381084114313    2.453000068664551
3.665191400796175    2.4630000591278076
3.6826446931809187    1.2350000143051147
3.7000979855656624    1.246999979019165
3.717551277950406    1.2740000486373901
3.7350045703351498    1.2829999923706055
3.7524578627198935    1.3040000200271606
3.769911155104637    1.4520000219345093
3.787364447489381    1.4129999876022339
3.8048177398741245    1.4529999494552612
3.822271032258868    1.4420000314712524
3.839724324643612    1.4930000305175781
3.8571776170283556    1.5110000371932983
3.8746309094130993    0.0
3.892084201797843    4.158999919891357
3.9095374941825867    0.0
3.9269907865673304    0.0
3.944444078952074    0.0
3.9618973713368177    0.0
3.9793506637215614    0.0
3.996803956106305    0.0
4.014257248491049    0.0
4.0317105408757925    0.0
4.049163833260536    0.0
4.06661712564528    0.0
4.084070418030024    0.0
4.101523710414767    0.0
4.118977002799511    0.0
4.136430295184255    0.0
4.153883587568998    0.0
4.171336879953742    0.0
4.188790172338486    0.0
4.206243464723229    0.0
4.223696757107973    0.0
4.241150049492717    0.0
4.2586033418774605    0.0
4.276056634262204    0.0
4.293509926646948    0.0
4.3109632190316916    0.0
4.328416511416435    0.0
4.345869803801179    0.0
4.363323096185923    0.0
4.380776388570666    0.0
4.39822968095541    0.0
4.415682973340154    0.0
4.433136265724897    0.0
4.450589558109641    0.0
4.468042850494385    1.4950000047683716
4.4854961428791285    1.5140000581741333
4.502949435263872    0.0
4.520402727648616    1.5110000371932983
4.5378560200333595    1.4789999723434448
4.555309312418103    1.5240000486373901
4.572762604802847    1.496999979019165
4.590215897187591    1.5049999952316284
4.607669189572334    1.4839999675750732
4.625122481957078    1.49399995803833
4.642575774341822    1.5089999437332153
4.660029066726565    1.4839999675750732
4.677482359111309    1.486999
