0.0    0.0
0.01745329238474369    0.0
0.03490658476948738    0.0
0.05235987715423107    0.0
0.06981316953897476    0.0
0.08726646192371845    2.9790000915527344
0.10471975430846214    0.0
0.12217304669320583    0.0
0.13962633907794952    0.0
0.15707963146269321    2.134999990463257
0.1745329238474369    0.0
0.1919862162321806    1.4769999980926514
0.20943950861692429    1.4789999723434448
0.22689280100166798    0.0
0.24434609338641167    0.0
0.26179938577115536    0.0
0.27925267815589905    0.0
0.29670597054064274    0.0
0.31415926292538643    0.0
0.3316125553101301    0.0
0.3490658476948738    0.0
0.3665191400796175    0.0
0.3839724324643612    0.0
0.4014257248491049    0.0
0.41887901723384857    0.0
0.43633230961859226    0.0
0.45378560200333595    0.0
0.47123889438807964    0.0
0.48869218677282333    3.8299999237060547
0.506145479157567    3.7360000610351562
0.5235987715423107    3.6570000648498535
0.5410520639270544    3.638000011444092
0.5585053563117981    3.500999927520752
0.5759586486965418    3.4119999408721924
0.5934119410812855    3.3459999561309814
0.6108652334660292    3.2799999713897705
0.6283185258507729    3.236999988555908
0.6457718182355165    3.186000108718872
0.6632251106202602    3.0999999046325684
0.6806784030050039    3.062000036239624
0.6981316953897476    3.0209999084472656
0.7155849877744913    2.9860000610351562
0.733038280159235    2.9140000343322754
0.7504915725439787    2.878000020980835
0.7679448649287224    2.8320000171661377
0.7853981573134661    2.802999973297119
0.8028514496982098    2.7720000743865967
0.8203047420829535    2.740999937057495
0.8377580344676971    2.7170000076293945
0.8552113268524408    2.680000066757202
0.8726646192371845    2.638000011444092
0.8901179116219282    2.625999927520752
0.9075712040066719    2.5840001106262207
0.9250244963914156    2.566999912261963
0.9424777887761593    2.5429999828338623
0.959931081160903    2.5250000953674316
0.9773843735456467    2.490000009536743
0.9948376659303904    2.4790000915527344
1.012290958315134    2.4639999866485596
1.0297442506998777    2.441999912261963
1.0471975430846214    2.4210000038146973
1.0646508354693651    2.4040000438690186
1.0821041278541088    2.4030001163482666
1.0995574202388525    2.359999895095825
1.1170107126235962    2.367000102996826
1.1344640050083399    2.3359999656677246
1.1519172973930836    2.3320000171661377
1.1693705897778273    2.321000099182129
1.186823882162571    2.322000026702881
1.2042771745473146    2.2950000762939453
1.2217304669320583    2.2950000762939453
1.239183759316802    2.2790000438690186
1.2566370517015457    2.253999948501587
1.2740903440862894    2.265000104904175
1.291543636471033    2.257999897003174
1.3089969288557768    2.24399995803833
1.3264502212405205    2.239000082015991
1.3439035136252642    2.2290000915527344
1.3613568060100079    2.2190001010894775
1.3788100983947515    2.2279999256134033
1.3962633907794952    2.2090001106262207
1.413716683164239    2.2149999141693115
1.4311699755489826    2.2049999237060547
1.4486232679337263    2.2290000915527344
1.46607656031847    2.2170000076293945
1.4835298527032137    2.2109999656677246
1.5009831450879574    2.2230000495910645
1.518436437472701    2.2300000190734863
1.5358897298574448    2.2090001106262207
1.5533430222421885    2.2179999351501465
1.5707963146269321    2.23799991607666
1.5882496070116758    2.240000009536743
1.6057028993964195    2.240999937057495
1.6231561917811632    2.256999969482422
1.640609484165907    2.25600004196167
1.6580627765506506    2.2669999599456787
1.6755160689353943    2.2639999389648438
1.692969361320138    2.2750000953674316
1.7104226537048817    2.3010001182556152
1.7278759460896254    2.302999973297119
1.745329238474369    2.311000108718872
1.7627825308591127    2.309999942779541
1.7802358232438564    2.321000099182129
1.7976891156286001    2.3489999771118164
1.8151424080133438    2.36299991607666
1.8325957003980875    2.36899995803833
1.8500489927828312    2.3929998874664307
1.8675022851675749    3.2850000858306885
1.8849555775523186    3.3359999656677246
1.9024088699370623    3.381999969482422
1.919862162321806    3.3910000324249268
1.9373154547065496    3.4059998989105225
1.9547687470912933    3.447000026702881
1.972222039476037    3.493000030517578
1.9896753318607807    3.489000082015991
2.0071286242455244    3.4739999771118164
2.024581916630268    3.3420000076293945
2.042035209015012    3.3320000171661377
2.0594885013997555    3.3550000190734863
2.076941793784499    3.4769999980926514
2.094395086169243    3.496999979019165
2.1118483785539865    3.739000082015991
2.1293016709387302    3.865000009536743
2.146754963323474    3.934999942779541
2.1642082557082176    4.0879998207092285
2.1816615480929613    0.0
2.199114840477705    0.0
2.2165681328624487    0.0
2.2340214252471924    0.0
2.251474717631936    0.0
2.2689280100166798    0.0
2.2863813024014235    0.0
2.303834594786167    0.0
2.321287887170911    0.0
2.3387411795556545    0.0
2.356194471940398    0.0
2.373647764325142    0.0
2.3911010567098856    0.0
2.4085543490946293    0.0
2.426007641479373    0.0
2.4434609338641167    0.0
2.4609142262488604    0.0
2.478367518633604    0.0
2.4958208110183477    0.0
2.5132741034030914    0.0
2.530727395787835    0.0
2.548180688172579    0.0
2.5656339805573225    0.0
2.583087272942066    0.0
2.60054056532681    0.0
2.6179938577115536    0.0
2.6354471500962973    0.0
2.652900442481041    0.0
2.6703537348657846    4.184000015258789
2.6878070272505283    4.103000164031982
2.705260319635272    4.126999855041504
2.7227136120200157    4.179999828338623
2.7401669044047594    4.199999809265137
2.757620196789503    3.9760000705718994
2.775073489174247    4.038000106811523
2.7925267815589905    3.940000057220459
2.809980073943734    3.927999973297119
2.827433366328478    3.874000072479248
2.8448866587132215    3.8940000534057617
2.8623399510979652    3.872999906539917
2.879793243482709    3.882999897003174
2.8972465358674526    3.9089999198913574
2.9146998282521963    3.8570001125335693
2.93215312063694    3.927000045776367
2.9496064130216837    3.9170000553131104
2.9670597054064274    3.8989999294281006
2.984512997791171    3.946000099182129
3.0019662901759148    3.8420000076293945
3.0194195825606585    3.938999891281128
3.036872874945402    3.8980000019073486
3.054326167330146    3.9560000896453857
3.0717794597148895    3.950000047683716
3.089232752099633    3.936000108718872
3.106686044484377    3.9079999923706055
3.1241393368691206    3.8970000743865967
3.1415926292538643    3.9630000591278076
3.159045921638608    3.9839999675750732
3.1764992140233517    3.8519999980926514
3.1939525064080954    3.4200000762939453
3.211405798792839    3.3910000324249268
3.2288590911775827    3.4210000038146973
3.2463123835623264    3.4100000858306885
3.26376567594707    3.382999897003174
3.281218968331814    3.4030001163482666
3.2986722607165575    3.4130001068115234
3.316125553101301    3.509999990463257
3.333578845486045    3.4649999141693115
3.3510321378707886    3.4809999465942383
3.3684854302555323    3.5320000648498535
3.385938722640276    3.4570000171661377
3.4033920150250196    3.5450000762939453
3.4208453074097633    3.565999984741211
3.438298599794507    3.634999990463257
3.4557518921792507    0.0
3.4732051845639944    0.0
3.490658476948738    0.0
3.508111769333482    0.0
3.5255650617182255    0.0
3.543018354102969    0.0
3.560471646487713    0.0
3.5779249388724566    0.0
3.5953782312572002    0.0
3.612831523641944    0.0
3.6302848160266876    0.0
3.6477381084114313    1.2960000038146973
3.665191400796175    1.2769999504089355
3.6826446931809187    1.25
3.7000979855656624    1.312000036239624
3.717551277950406    0.0
3.7350045703351498    0.0
3.7524578627198935    0.0
3.769911155104637    0.0
3.787364447489381    0.0
3.8048177398741245    0.0
3.822271032258868    0.0
3.839724324643612    0.0
3.8571776170283556    0.0
3.8746309094130993    0.0
3.892084201797843    0.0
3.9095374941825867    0.0
3.9269907865673304    0.0
3.944444078952074    0.0
3.9618973713368177    0.0
3.9793506637215614    0.0
3.996803956106305    0.0
4.014257248491049    0.0
4.0317105408757925    0.0
4.049163833260536    0.0
4.06661712564528    0.0
4.084070418030024    0.0
4.101523710414767    0.0
4.118977002799511    1.031999945640564
4.136430295184255    1.027999997138977
4.153883587568998    1.0019999742507935
4.171336879953742    1.0829999446868896
4.188790172338486    2.1059999465942383
4.206243464723229    2.075000047683716
4.223696757107973    2.072000026702881
4.241150049492717    2.0420000553131104
4.2586033418774605    2.0480000972747803
4.276056634262204    2.0169999599456787
4.293509926646948    1.9889999628067017
4.3109632190316916    1.9889999628067017
4.328416511416435    1.9839999675750732
4.345869803801179    1.9539999961853027
4.363323096185923    1.9459999799728394
4.380776388570666    1.9390000104904175
4.39822968095541    1.9160000085830688
4.415682973340154    1.9210000038146973
4.433136265724897    1.9190000295639038
4.450589558109641    1.9049999713897705
4.468042850494385    0.4410000145435333
4.4854961428791285    0.4410000145435333
4.502949435263872    0.4399999976158142
4.520402727648616    0.4390000104904175
4.5378560200333595    0.43799999356269836
4.555309312418103    0.4359999895095825
4.572762604802847    0.4350000023841858
4.590215897187591    0.4350000023841858
4.607669189572334    0.4339999854564667
4.625122481957078    0.4339999854564667
4.642575774341822    0.4339999854564667
4.660029066726565    0.4339999854564667
4.677482359111309    0.4350000023841858
4.694935651496053    0.4359999895095825
4.712388943880796    0.4359999895095825
4.72984223626554    0.43700000643730164
4.747295528650284    0.43700000643730164
4.7647488210350275    0.43700000643730164
4.782202113419771    0.43799999356269836
4.799655405804515    0.4399999976158142
4.817108698189259    0.44200000166893005
4.834561990574002    0.4429999887943268
4.852015282958746    0.4440000057220459
4.86946857534349    0.44600000977516174
4.886921867728233    0.4480000138282776
4.904375160112977    0.44999998807907104
4.921828452497721    0.45100000500679016
4.939281744882464    0.45399999618530273
4.956735037267208    0.4560000002384186
4.974188329651952    0.4580000042915344
4.9916416220366955    0.46000000834465027
5.009094914421439    0.46299999952316284
5.026548206806183    0.46700000762939453
5.0440014991909266    0.47099998593330383
5.06145479157567    0.4749999940395355
5.078908083960414    0.4790000021457672
5.096361376345158    0.48399999737739563
5.113814668729901    0.492000013589859
5.131267961114645    0.503000020980835
5.148721253499389    0.0
5.166174545884132    3.1410000324249268
5.183627838268876    3.1459999084472656
5.20108113065362    3.197000026702881
5.2185344230383635    3.240000009536743
5.235987715423107    3.252000093460083
5.253441007807851    3.2980000972747803
5.2708943001925945    3.3420000076293945
5.288347592577338    3.3450000286102295
5.305800884962082    3.388000011444092
5.323254177346826    3.427999973297119
5.340707469731569    3.4670000076293945
5.358160762116313    3.492000102996826
5.375614054501057    3.5969998836517334
5.3930673468858    3.7109999656677246
5.410520639270544    3.7260000705718994
5.427973931655288    3.8239998817443848
5.445427224040031    0.0
5.462880516424775    1.9320000410079956
5.480333808809519    1.9270000457763672
5.4977871011942625    1.9049999713897705
5.515240393579006    0.0
5.53269368596375    0.0
5.550146978348494    0.0
5.567600270733237    2.063999891281128
5.585053563117981    2.0420000553131104
5.602506855502725    2.052999973297119
5.619960147887468    0.0
5.637413440272212    0.0
5.654866732656956    0.0
5.672320025041699    0.0
5.689773317426443    0.0
5.707226609811187    0.0
5.7246799021959305    0.0
5.742133194580674    0.0
5.759586486965418    0.0
5.7770397793501616    0.0
5.794493071734905    0.0
5.811946364119649    0.0
5.829399656504393    0.0
5.846852948889136    0.0
5.86430624127388    0.0
5.881759533658624    0.0
5.899212826043367    0.0
5.916666118428111    0.0
5.934119410812855    0.0
5.9515727031975985    1.5
5.969025995582342    1.4550000429153442
5.986479287967086    0.0
6.0039325803518295    2.1089999675750732
6.021385872736573    0.0
6.038839165121317    0.0
6.056292457506061    0.0
6.073745749890804    3.0179998874664307
6.091199042275548    0.0
6.108652334660292    0.0
6.126105627045035    0.0
6.143558919429779    0.0
6.161012211814523    0.0
6.178465504199266    0.0
6.19591879658401    0.0
6.213372088968754    0.42100000381469727
6.2308253813534975    0.0
6.248278673738241    0.0
6.265731966122985    0.0
0.0    0.0
0.01745329238474369    0.0
0.03490658476948738    0.0
0.05235987715423107    0.0
0.06981316953897476    0.0
0.08726646192371845    2.989000082015991
0.10471975430846214    0.0
0.12217304669320583    0.0
0.13962633907794952    0.0
0.15707963146269321    2.13100004196167
0.1745329238474369    0.0
0.1919862162321806    1.4550000429153442
0.20943950861692429    1.4859999418258667
0.22689280100166798    0.0
0.24434609338641167    0.0
0.26179938577115536    0.0
0.27925267815589905    0.0
0.29670597054064274    0.0
0.31415926292538643    0.0
0.3316125553101301    0.0
0.3490658476948738    0.0
0.3665191400796175    0.0
0.3839724324643612    0.0
0.4014257248491049    0.0
0.41887901723384857    0.0
0.43633230961859226    0.0
0.45378560200333595    0.0
0.47123889438807964    4.138000011444092
0.48869218677282333    3.8980000019073486
0.506145479157567    3.7790000438690186
0.5235987715423107    3.6659998893737793
0.5410520639270544    3.5980000495910645
0.5585053563117981    3.5139999389648438
0.5759586486965418    3.433000087738037
0.5934119410812855    3.372999906539917
0.6108652334660292    3.305000066757202
0.6283185258507729    3.2130000591278076
0.6457718182355165    3.184000015258789
0.6632251106202602    3.117000102996826
0.6806784030050039    3.0850000381469727
0.6981316953897476    3.0179998874664307
0.7155849877744913    2.992000102996826
0.733038280159235    2.9210000038146973
0.7504915725439787    2.8940000534057617
0.7679448649287224    2.8519999980926514
0.7853981573134661    2.819999933242798
0.8028514496982098    2.7720000743865967
0.8203047420829535    2.742000102996826
0.8377580344676971    2.7179999351501465
0.8552113268524408    2.686000108718872
0.8726646192371845    2.627000093460083
0.8901179116219282    2.621999979019165
0.9075712040066719    2.5869998931884766
0.9250244963914156    2.562999963760376
0.9424777887761593    2.5420000553131104
0.959931081160903    2.5220000743865967
0.9773843735456467    2.486999988555908
0.9948376659303904    2.484999895095825
1.012290958315134    2.4570000171661377
1.0297442506998777    2.447000026702881
1.0471975430846214    2.4200000762939453
1.0646508354693651    2.431999921798706
1.0821041278541088    2.3919999599456787
1.0995574202388525    2.384000062942505
1.1170107126235962    2.369999885559082
1.1344640050083399    2.3440001010894775
1.1519172973930836    2.3410000801086426
1.1693705897778273    2.309000015258789
1.186823882162571    2.322999954223633
1.2042771745473146    2.2929999828338623
1.2217304669320583    2.2950000762939453
1.239183759316802    2.2899999618530273
1.2566370517015457    2.25600004196167
1.2740903440862894    2.259000062942505
1.291543636471033    2.263000011444092
1.3089969288557768    2.242000102996826
1.3264502212405205    2.2360000610351562
1.3439035136252642    2.234999895095825
1.3613568060100079    2.2219998836517334
1.3788100983947515    2.2170000076293945
1.3962633907794952    2.2190001010894775
1.413716683164239    2.2160000801086426
1.4311699755489826    2.2139999866485596
1.4486232679337263    2.2109999656677246
1.46607656031847    2.2090001106262207
1.4835298527032137    2.2060000896453857
1.5009831450879574    2.2179999351501465
1.518436437472701    2.2200000286102295
1.5358897298574448    2.2249999046325684
1.5533430222421885    2.2190001010894775
1.5707963146269321    2.2320001125335693
1.5882496070116758    2.2320001125335693
1.6057028993964195    2.2269999980926514
1.6231561917811632    2.244999885559082
1.640609484165907    2.242000102996826
1.6580627765506506    2.25600004196167
1.6755160689353943    2.2820000648498535
1.692969361320138    2.2790000438690186
1.7104226537048817    2.2929999828338623
1.7278759460896254    2.305000066757202
1.745329238474369    2.309999942779541
1.7627825308591127    2.306999921798706
1.7802358232438564    2.325000047683716
1.7976891156286001    2.3589999675750732
1.8151424080133438    2.365000009536743
1.8325957003980875    2.378000020980835
1.8500489927828312    2.3989999294281006
1.8675022851675749    3.305000066757202
1.8849555775523186    3.3459999561309814
1.9024088699370623    3.382999897003174
1.919862162321806    3.377000093460083
1.9373154547065496    3.430000066757202
1.9547687470912933    3.4489998817443848
1.972222039476037    3.5169999599456787
1.9896753318607807    3.505000114440918
2.0071286242455244    3.486999988555908
2.024581916630268    3.3459999561309814
2.042035209015012    3.312999963760376
2.0594885013997555    3.3940000534057617
2.076941793784499    3.4140000343322754
2.094395086169243    3.421999931335449
2.1118483785539865    3.688999891281128
2.1293016709387302    3.921999931335449
2.146754963323474    4.063000202178955
2.1642082557082176    0.0
2.1816615480929613    0.0
2.199114840477705    4.1529998779296875
2.2165681328624487    0.0
2.2340214252471924    0.0
2.251474717631936    0.0
2.2689280100166798    0.0
2.2863813024014235    0.0
2.303834594786167    0.0
2.321287887170911    0.0
2.3387411795556545    0.0
2.356194471940398    0.0
2.373647764325142    0.0
2.3911010567098856    0.0
2.4085543490946293    0.0
2.426007641479373    0.0
2.4434609338641167    0.0
2.4609142262488604    0.0
2.478367518633604    0.0
2.4958208110183477    0.0
2.5132741034030914    0.0
2.530727395787835    0.0
2.548180688172579    0.0
2.5656339805573225    0.0
2.583087272942066    0.0
2.60054056532681    0.0
2.6179938577115536    0.0
2.6354471500962973    0.0
2.652900442481041    0.0
2.6703537348657846    0.0
2.6878070272505283    0.0
2.705260319635272    4.117000102996826
2.7227136120200157    4.1539998054504395
2.7401669044047594    0.0
2.757620196789503    4.11899995803833
2.775073489174247    3.98799991607666
2.7925267815589905    4.0960001945495605
2.809980073943734    4.123000144958496
2.827433366328478    3.992000102996826
2.8448866587132215    4.050000190734863
2.8623399510979652    3.953000068664551
2.879793243482709    3.8340001106262207
2.8972465358674526    3.9170000553131104
2.9146998282521963    3.8440001010894775
2.93215312063694    3.818000078201294
2.9496064130216837    3.9140000343322754
2.9670597054064274    3.921999931335449
2.984512997791171    3.953000068664551
3.0019662901759148    3.9100000858306885
3.0194195825606585    3.8320000171661377
3.036872874945402    3.921999931335449
3.054326167330146    3.9649999141693115
3.0717794597148895    3.808000087738037
3.089232752099633    3.874000072479248
3.106686044484377    3.871000051498413
3.1241393368691206    3.9649999141693115
3.1415926292538643    4.066999912261963
3.159045921638608    3.938999891281128
3.1764992140233517    4.065999984741211
3.1939525064080954    0.0
3.211405798792839    3.3450000286102295
3.2288590911775827    3.36899995803833
3.2463123835623264    3.4100000858306885
3.26376567594707    3.434999942779541
3.281218968331814    3.4149999618530273
3.2986722607165575    3.4189999103546143
3.316125553101301    3.443000078201294
3.333578845486045    3.443000078201294
3.3510321378707886    3.51200008392334
3.3684854302555323    3.500999927520752
3.385938722640276    3.509999990463257
3.4033920150250196    3.5260000228881836
3.4208453074097633    3.569999933242798
3.438298599794507    3.558000087738037
3.4557518921792507    0.0
3.4732051845639944    0.0
3.490658476948738    0.0
3.508111769333482    0.0
3.5255650617182255    0.0
3.543018354102969    0.0
3.560471646487713    0.0
3.5779249388724566    0.0
3.5953782312572002    0.0
3.612831523641944    0.0
3.6302848160266876    0.0
3.6477381084114313    1.284999966621399
3.665191400796175    1.2760000228881836
3.6826446931809187    1.2730000019073486
3.7000979855656624    1.2970000505447388
3.717551277950406    0.0
3.7350045703351498    0.0
3.7524578627198935    0.0
3.769911155104637    0.0
3.787364447489381    0.0
3.8048177398741245    0.0
3.822271032258868    0.0
3.839724324643612    0.0
3.8571776170283556    0.0
3.8746309094130993    0.0
3.892084201797843    0.0
3.9095374941825867    0.0
3.9269907865673304    0.0
3.944444078952074    0.0
3.9618973713368177    0.0
3.9793506637215614    0.0
3.996803956106305    0.0
4.014257248491049    0.0
4.0317105408757925    0.0
4.049163833260536    0.0
4.06661712564528    0.0
4.084070418030024    0.0
4.101523710414767    0.0
4.118977002799511    1.0369999408721924
4.136430295184255    1.0089999437332153
4.153883587568998    1.0269999504089355
4.171336879953742    0.9929999709129333
4.188790172338486    2.1029999256134033
4.206243464723229    2.075000047683716
4.223696757107973    2.071000099182129
4.241150049492717    2.065000057220459
4.2586033418774605    2.0350000858306885
4.276056634262204    2.0199999809265137
4.293509926646948    2.00600004196167
4.3109632190316916    1.9800000190734863
4.328416511416435    1.9859999418258667
4.345869803801179    1.9570000171661377
4.363323096185923    1.9520000219345093
4.380776388570666    1.9550000429153442
4.39822968095541    1.9160000085830688
4.415682973340154    1.9229999780654907
4.433136265724897    1.9160000085830688
4.450589558109641    1.906000018119812
4.468042850494385    0.4410000145435333
4.4854961428791285    0.4410000145435333
4.502949435263872    0.4410000145435333
4.520402727648616    0.4390000104904175
4.5378560200333595    0.4390000104904175
4.555309312418103    0.43700000643730164
4.572762604802847    0.4359999895095825
4.590215897187591    0.4350000023841858
4.607669189572334    0.4339999854564667
4.625122481957078    0.4339999854564667
4.642575774341822    0.4339999854564667
4.660029066726565    0.4339999854564667
4.677482359111309    0.4339999854564667
4.694935651496053    0.4350000023841858
4.712388943880796    0.4350000023841858
4.72984223626554    0.4359999895095825
4.747295528650284    0.4359999895095825
4.7647488210350275    0.4359999895095825
4.782202113419771    0.43799999356269836
4.799655405804515    0.4390000104904175
4.817108698189259    0.4410000145435333
4.834561990574002    0.44200000166893005
4.852015282958746    0.4440000057220459
4.86946857534349    0.44600000977516174
4.886921867728233    0.44699999690055847
4.904375160112977    0.44999998807907104
4.921828452497721    0.45100000500679016
4.939281744882464    0.45399999618530273
4.956735037267208    0.4560000002384186
4.974188329651952    0.4580000042915344
4.9916416220366955    0.46000000834465027
5.009094914421439    0.46299999952316284
5.026548206806183    0.46700000762939453
5.0440014991909266    0.4699999988079071
5.06145479157567    0.4749999940395355
5.078908083960414    0.47999998927116394
5.096361376345158    0.48500001430511475
5.113814668729901    0.492000013589859
5.131267961114645    0.503000020980835
5.148721253499389    0.0
5.166174545884132    3.1530001163482666
5.183627838268876    3.1600000858306885
5.20108113065362    3.181999921798706
5.2185344230383635    3.2260000705718994
5.235987715423107    3.250999927520752
5.253441007807851    3.2899999618530273
5.2708943001925945    3.3329999446868896
5.288347592577338    3.369999885559082
5.305800884962082    3.3949999809265137
5.323254177346826    3.4260001182556152
5.340707469731569    3.490999937057495
5.358160762116313    3.558000087738037
5.375614054501057    3.561000108718872
5.3930673468858    3.6059999465942383
5.410520639270544    3.7769999504089355
5.427973931655288    3.812999963760376
5.445427224040031    0.0
5.462880516424775    1.9479999542236328
5.480333808809519    1.909999966621399
5.4977871011942625    1.902999997138977
5.515240393579006    0.0
5.53269368596375    0.0
5.550146978348494    0.0
5.567600270733237    2.056999921798706
5.585053563117981    2.046999931335449
5.602506855502725    2.0999999046325684
5.619960147887468    0.0
5.637413440272212    0.0
5.654866732656956    0.0
5.672320025041699    0.0
5.689773317426443    0.0
5.707226609811187    0.0
5.7246799021959305    0.0
5.742133194580674    0.0
5.759586486965418    0.0
5.7770397793501616    0.0
5.794493071734905    0.0
5.811946364119649    0.0
5.829399656504393    0.0
5.846852948889136    0.0
5.86430624127388    0.0
5.881759533658624    0.0
5.899212826043367    0.0
5.916666118428111    0.0
5.934119410812855    0.0
5.9515727031975985    1.4950000047683716
5.969025995582342    1.406999945640564
5.986479287967086    0.0
6.0039325803518295    2.115000009536743
6.021385872736573    0.0
6.038839165121317    0.0
6.056292457506061    0.0
6.073745749890804    2.9809999465942383
6.091199042275548    0.0
6.108652334660292    0.0
6.126105627045035    0.0
6.143558919429779    0.0
6.161012211814523    0.0
6.178465504199266    0.0
6.19591879658401    0.0
6.213372088968754    0.41999998688697815
6.2308253813534975    0.0
6.248278673738241    0.0
6.265731966122985    0.0
0.0    0.0
0.01745329238474369    0.0
0.03490658476948738    0.0
0.05235987715423107    0.0
0.06981316953897476    0.0
0.08726646192371845    3.000999927520752
0.10471975430846214    0.0
0.12217304669320583    0.0
0.13962633907794952    0.0
0.15707963146269321    2.122999906539917
0.1745329238474369    2.171999931335449
0.1919862162321806    1.503000020980835
0.20943950861692429    1.4950000047683716
0.22689280100166798    0.0
0.24434609338641167    0.0
0.26179938577115536    0.0
0.27925267815589905    0.0
0.29670597054064274    0.0
0.31415926292538643    0.0
0.3316125553101301    0.0
0.3490658476948738    0.0
0.3665191400796175    0.0
0.3839724324643612    0.0
0.4014257248491049    0.0
0.41887901723384857    0.0
0.43633230961859226    0.0
0.45378560200333595    0.0
0.47123889438807964    0.0
0.48869218677282333    3.992000102996826
0.506145479157567    3.7219998836517334
0.5235987715423107    3.686000108718872
0.5410520639270544    3.6500000953674316
0.5585053563117981    3.5290000438690186
0.5759586486965418    3.4260001182556152
0.5934119410812855    3.369999885559082
0.6108652334660292    3.2939999103546143
0.6283185258507729    3.250999927520752
0.6457718182355165    3.180000066757202
0.6632251106202602    3.114000082015991
0.6806784030050039    3.0910000801086426
0.6981316953897476    3.0160000324249268
0.7155849877744913    2.990999937057495
0.733038280159235    2.950000047683716
0.7504915725439787    2.9070000648498535
0.7679448649287224    2.865999937057495
0.7853981573134661    2.803999900817871
0.8028514496982098    2.7890000343322754
0.8203047420829535    2.74399995803833
0.8377580344676971    2.7139999866485596
0.8552113268524408    2.690000057220459
0.8726646192371845    2.6440000534057617
0.8901179116219282    2.640000104904175
0.9075712040066719    2.5980000495910645
0.9250244963914156    2.558000087738037
0.9424777887761593    2.5429999828338623
0.959931081160903    2.5320000648498535
0.9773843735456467    2.4860000610351562
0.9948376659303904    2.4830000400543213
1.012290958315134    2.4630000591278076
1.0297442506998777    2.441999912261963
1.0471975430846214    2.4240000247955322
1.0646508354693651    2.427999973297119
1.0821041278541088    2.3970000743865967
1.0995574202388525    2.369999885559082
1.1170107126235962    2.367000102996826
1.1344640050083399    2.3529999256134033
1.1519172973930836    2.3289999961853027
1.1693705897778273    2.319999933242798
1.186823882162571    2.316999912261963
1.2042771745473146    2.2920000553131104
1.2217304669320583    2.2869999408721924
1.239183759316802    2.2839999198913574
1.2566370517015457    2.2669999599456787
1.2740903440862894    2.2669999599456787
1.291543636471033    2.256999969482422
1.3089969288557768    2.255000114440918
1.3264502212405205    2.234999895095825
1.3439035136252642    2.2339999675750732
1.3613568060100079    2.2249999046325684
1.3788100983947515    2.2279999256134033
1.3962633907794952    2.2200000286102295
1.413716683164239    2.2170000076293945
1.4311699755489826    2.2049999237060547
1.4486232679337263    2.239000082015991
1.46607656031847    2.2230000495910645
1.4835298527032137    2.2079999446868896
1.5009831450879574    2.2200000286102295
1.518436437472701    2.2200000286102295
1.5358897298574448    2.2200000286102295
1.5533430222421885    2.2130000591278076
1.5707963146269321    2.23799991607666
1.5882496070116758    2.246000051498413
1.6057028993964195    2.23799991607666
1.6231561917811632    2.240999937057495
1.640609484165907    2.240999937057495
1.6580627765506506    2.253999948501587
1.6755160689353943    2.2750000953674316
1.692969361320138    2.2699999809265137
1.7104226537048817    2.2990000247955322
1.7278759460896254    2.3010001182556152
1.745329238474369    2.302999973297119
1.7627825308591127    2.305000066757202
1.7802358232438564    2.322000026702881
1.7976891156286001    2.3519999980926514
1.8151424080133438    2.359999895095825
1.8325957003980875    2.378999948501587
1.8500489927828312    2.3919999599456787
1.8675022851675749    3.312000036239624
1.8849555775523186    3.3320000171661377
1.9024088699370623    3.382999897003174
1.919862162321806    3.3910000324249268
1.9373154547065496    3.3910000324249268
1.9547687470912933    3.4509999752044678
1.972222039476037    3.4749999046325684
1.9896753318607807    3.5439999103546143
2.0071286242455244    3.4560000896453857
2.024581916630268    3.3340001106262207
2.042035209015012    3.2679998874664307
2.0594885013997555    3.3519999980926514
2.076941793784499    3.3540000915527344
2.094395086169243    3.4760000705718994
2.1118483785539865    3.7100000381469727
2.1293016709387302    3.9570000171661377
2.146754963323474    3.947000026702881
2.1642082557082176    4.076000213623047
2.1816615480929613    0.0
2.199114840477705    0.0
2.2165681328624487    0.0
2.2340214252471924    0.0
2.251474717631936    0.0
2.2689280100166798    0.0
2.2863813024014235    0.0
2.303834594786167    0.0
2.321287887170911    0.0
2.3387411795556545    0.0
2.356194471940398    0.0
2.373647764325142    0.0
2.3911010567098856    0.0
2.4085543490946293    0.0
2.426007641479373    0.0
2.4434609338641167    0.0
2.4609142262488604    0.0
2.478367518633604    0.0
2.4958208110183477    0.0
2.5132741034030914    0.0
2.530727395787835    0.0
2.548180688172579    0.0
2.5656339805573225    0.0
2.583087272942066    0.0
2.60054056532681    0.0
2.6179938577115536    0.0
2.6354471500962973    0.0
2.652900442481041    0.0
2.6703537348657846    0.0
2.6878070272505283    4.169000148773193
2.705260319635272    4.169000148773193
2.7227136120200157    4.177000045776367
2.7401669044047594    4.168000221252441
2.757620196789503    4.160999774932861
2.775073489174247    4.120999813079834
2.7925267815589905    4.0960001945495605
2.809980073943734    4.059999942779541
2.827433366328478    4.026000022888184
2.8448866587132215    3.9560000896453857
2.8623399510979652    3.944999933242798
2.879793243482709    3.8489999771118164
2.8972465358674526    4.01800012588501
2.9146998282521963    3.940999984741211
2.93215312063694    3.9100000858306885
2.9496064130216837    3.9010000228881836
2.9670597054064274    3.884000062942505
2.984512997791171    3.921999931335449
3.0019662901759148    3.9210000038146973
3.0194195825606585    3.8519999980926514
3.036872874945402    3.818000078201294
3.054326167330146    3.936000108718872
3.0717794597148895    3.9579999446868896
3.089232752099633    3.828000068664551
3.106686044484377    3.934999942779541
3.1241393368691206    4.048999786376953
3.1415926292538643    4.001999855041504
3.159045921638608    3.950000047683716
3.1764992140233517    3.885999917984009
3.1939525064080954    3.441999912261963
3.211405798792839    3.3610000610351562
3.2288590911775827    3.4000000953674316
3.2463123835623264    3.385999917984009
3.26376567594707    3.4159998893737793
3.281218968331814    3.434999942779541
3.2986722607165575    3.4149999618530273
3.316125553101301    3.438999891281128
3.333578845486045    3.506999969482422
3.3510321378707886    3.4590001106262207
3.3684854302555323    3.5429999828338623
3.385938722640276    3.5369999408721924
3.4033920150250196    3.5820000171661377
3.4208453074097633    3.5789999961853027
3.438298599794507    3.6019999980926514
3.4557518921792507    0.0
3.4732051845639944    0.0
3.490658476948738    0.0
3.508111769333482    0.0
3.5255650617182255    0.0
3.543018354102969    0.0
3.560471646487713    0.0
3.5779249388724566    0.0
3.5953782312572002    0.0
3.612831523641944    0.0
3.6302848160266876    0.0
3.6477381084114313    1.2860000133514404
3.665191400796175    1.2869999408721924
3.6826446931809187    1.2710000276565552
3.7000979855656624    0.0
3.717551277950406    0.0
3.7350045703351498    0.0
3.7524578627198935    0.0
3.769911155104637    0.0
3.787364447489381    0.0
3.8048177398741245    0.0
3.822271032258868    0.0
3.839724324643612    0.0
3.8571776170283556    0.0
3.8746309094130993    0.0
3.892084201797843    0.0
3.9095374941825867    0.0
3.9269907865673304    0.0
3.944444078952074    0.0
3.9618973713368177    0.0
3.9793506637215614    0.0
3.996803956106305    0.0
4.014257248491049    0.0
4.0317105408757925    0.0
4.049163833260536    0.0
4.06661712564528    0.0
4.084070418030024    0.0
4.101523710414767    0.0
4.118977002799511    1.0390000343322754
4.136430295184255    1.0290000438690186
4.153883587568998    1.0210000276565552
4.171336879953742    1.0160000324249268
4.188790172338486    2.1019999980926514
4.206243464723229    2.0789999961853027
4.223696757107973    2.065000057220459
4.241150049492717    2.0510001182556152
4.2586033418774605    2.0409998893737793
4.276056634262204    2.0260000228881836
4.293509926646948    2.003999948501587
4.3109632190316916    1.9819999933242798
4.328416511416435    1.9700000286102295
4.345869803801179    1.9450000524520874
4.363323096185923    1.9479999542236328
4.380776388570666    1.9359999895095825
4.39822968095541    1.9119999408721924
4.415682973340154    1.906999945640564
4.433136265724897    1.906000018119812
4.450589558109641    1.902999997138977
4.468042850494385    0.44200000166893005
4.4854961428791285    0.44200000166893005
4.502949435263872    0.4410000145435333
4.520402727648616    0.4390000104904175
4.5378560200333595    0.43799999356269836
4.555309312418103    0.4359999895095825
4.572762604802847    0.4359999895095825
4.590215897187591    0.4359999895095825
4.607669189572334    0.4350000023841858
4.625122481957078    0.4350000023841858
4.642575774341822    0.4339999854564667
4.660029066726565    0.4339999854564667
4.677482359111309    0.4339999854564667
4.694935651496053    0.4350000023841858
4.712388943880796    0.4359999895095825
4.72984223626554    0.43700000643730164
4.747295528650284    0.43700000643730164
4.7647488210350275    0.43700000643730164
4.782202113419771    0.4390000104904175
4.799655405804515    0.4399999976158142
4.817108698189259    0.4410000145435333
4.834561990574002    0.44200000166893005
4.852015282958746    0.4440000057220459
4.86946857534349    0.44600000977516174
4.886921867728233    0.4480000138282776
4.904375160112977    0.44999998807907104
4.921828452497721    0.4519999921321869
4.939281744882464    0.45500001311302185
4.956735037267208    0.4569999873638153
4.974188329651952    0.4580000042915344
4.9916416220366955    0.46000000834465027
5.009094914421439    0.46299999952316284
5.026548206806183    0.46700000762939453
5.0440014991909266    0.4699999988079071
5.06145479157567    0.4749999940395355
5.078908083960414    0.4790000021457672
5.096361376345158    0.48399999737739563
5.113814668729901    0.4909999966621399
5.131267961114645    0.5
5.148721253499389    0.0
5.166174545884132    3.13100004196167
5.183627838268876    3.1549999713897705
5.20108113065362    3.180999994277954
5.2185344230383635    3.2219998836517334
5.235987715423107    3.2309999465942383
5.253441007807851    3.2890000343322754
5.2708943001925945    3.3510000705718994
5.288347592577338    3.3359999656677246
5.305800884962082    3.371999979019165
5.323254177346826    3.434999942779541
5.340707469731569    3.5
5.358160762116313    3.5439999103546143
5.375614054501057    3.558000087738037
5.3930673468858    3.640000104904175
5.410520639270544    3.7799999713897705
5.427973931655288    3.8570001125335693
5.445427224040031    1.8980000019073486
5.462880516424775    1.9270000457763672
5.480333808809519    1.906999945640564
5.4977871011942625    1.934999942779541
5.515240393579006    0.0
5.53269368596375    0.0
5.550146978348494    0.0
5.567600270733237    2.0510001182556152
5.585053563117981    2.0409998893737793
5.602506855502725    2.066999912261963
5.619960147887468    0.0
5.637413440272212    0.0
5.654866732656956    0.0
5.672320025041699    0.0
5.689773317426443    0.0
5.707226609811187    0.0
5.7246799021959305    0.0
5.742133194580674    0.0
5.759586486965418    0.0
5.7770397793501616    0.0
5.794493071734905    0.0
5.811946364119649    0.0
5.829399656504393    0.0
5.846852948889136    0.0
5.86430624127388    0.0
5.881759533658624    0.0
5.899212826043367    0.0
5.916666118428111    0.0
5.934119410812855    0.0
5.9515727031975985    1.4869999885559082
5.969025995582342    1.4119999408721924
5.986479287967086    0.0
6.0039325803518295    2.124000072479248
6.021385872736573    0.0
6.038839165121317    0.0
6.056292457506061    0.0
6.073745749890804    2.986999988555908
6.091199042275548    0.0
6.108652334660292    0.0
6.126105627045035    0.0
6.143558919429779    0.0
6.161012211814523    0.0
6.178465504199266    0.0
6.19591879658401    0.0
6.213372088968754    0.41999998688697815
6.2308253813534975    0.0
6.248278673738241    0.0
6.265731966122985    0.0
0.0    0.0
0.01745329238474369    0.0
0.03490658476948738    0.0
0.05235987715423107    3.6110000610351562
0.06981316953897476    0.0
0.08726646192371845    0.0
0.10471975430846214    0.0
0.12217304669320583    0.0
0.13962633907794952    0.0
0.15707963146269321    0.0
0.1745329238474369    2.184999942779541
0.1919862162321806    0.0
0.20943950861692429    1.475000023841858
0.22689280100166798    0.0
0.24434609338641167    0.0
0.26179938577115536    0.0
0.27925267815589905    0.0
0.29670597054064274    0.0
0.31415926292538643    0.0
0.3316125553101301    0.0
0.3490658476948738    0.0
0.3665191400796175    0.0
0.3839724324643612    0.0
0.4014257248491049    0.0
0.41887901723384857    0.0
0.43633230961859226    0.0
0.45378560200333595    0.0
0.47123889438807964    0.0
0.48869218677282333    4.138999938964844
0.506145479157567    3.813999891281128
0.5235987715423107    3.74399995803833
0.5410520639270544    3.5959999561309814
0.5585053563117981    3.565999984741211
0.5759586486965418    3.4690001010894775
0.5934119410812855    3.3889999389648438
0.6108652334660292    3.365000009536743
0.6283185258507729    3.2639999389648438
0.6457718182355165    3.2070000171661377
0.6632251106202602    3.1540000438690186
0.6806784030050039    3.0920000076293945
0.6981316953897476    3.0239999294281006
0.7155849877744913    2.997999906539917
0.733038280159235    2.9539999961853027
0.7504915725439787    2.8980000019073486
0.7679448649287224    2.871000051498413
0.7853981573134661    2.808000087738037
0.8028514496982098    2.7829999923706055
0.8203047420829535    2.739000082015991
0.8377580344676971    2.7239999771118164
0.8552113268524408    2.677999973297119
0.8726646192371845    2.6559998989105225
0.8901179116219282    2.628999948501587
0.9075712040066719    2.5969998836517334
0.9250244963914156    2.559999942779541
0.9424777887761593    2.5380001068115234
0.959931081160903    2.5179998874664307
0.9773843735456467    2.496999979019165
0.9948376659303904    2.4730000495910645
1.012290958315134    2.447999954223633
1.0297442506998777    2.450000047683716
1.0471975430846214    2.431999921798706
1.0646508354693651    2.4149999618530273
1.0821041278541088    2.38700008392334
1.0995574202388525    2.381999969482422
1.1170107126235962    2.3510000705718994
1.1344640050083399    2.3529999256134033
1.1519172973930836    2.3340001106262207
1.1693705897778273    2.322999954223633
1.186823882162571    2.315000057220459
1.2042771745473146    2.2990000247955322
1.2217304669320583    2.2820000648498535
1.239183759316802    2.2769999504089355
1.2566370517015457    2.253999948501587
1.2740903440862894    2.255000114440918
1.291543636471033    2.249000072479248
1.3089969288557768    2.24399995803833
1.3264502212405205    2.2360000610351562
1.3439035136252642    2.2279999256134033
1.3613568060100079    2.240999937057495
1.3788100983947515    2.2230000495910645
1.3962633907794952    2.2300000190734863
1.413716683164239    2.2019999027252197
1.4311699755489826    2.2200000286102295
1.4486232679337263    2.2090001106262207
1.46607656031847    2.2170000076293945
1.4835298527032137    2.2149999141693115
1.5009831450879574    2.2139999866485596
1.518436437472701    2.2139999866485596
1.5358897298574448    2.2290000915527344
1.5533430222421885    2.2230000495910645
1.5707963146269321    2.2219998836517334
1.5882496070116758    2.2360000610351562
1.6057028993964195    2.234999895095825
1.6231561917811632    2.249000072479248
1.640609484165907    2.240999937057495
1.6580627765506506    2.259000062942505
1.6755160689353943    2.246000051498413
1.692969361320138    2.259999990463257
1.7104226537048817    2.2980000972747803
1.7278759460896254    2.303999900817871
1.745329238474369    2.318000078201294
1.7627825308591127    2.321000099182129
1.7802358232438564    2.316999912261963
1.7976891156286001    2.3399999141693115
1.8151424080133438    2.3410000801086426
1.8325957003980875    2.378999948501587
1.8500489927828312    2.384000062942505
1.8675022851675749    3.318000078201294
1.8849555775523186    3.3359999656677246
1.9024088699370623    3.372999906539917
1.919862162321806    3.3380000591278076
1.9373154547065496    3.384000062942505
1.9547687470912933    3.4159998893737793
1.972222039476037    3.4579999446868896
1.9896753318607807    3.503999948501587
2.0071286242455244    3.4709999561309814
2.024581916630268    3.3420000076293945
2.042035209015012    3.315999984741211
2.0594885013997555    3.369999885559082
2.076941793784499    3.385999917984009
2.094395086169243    3.4709999561309814
2.1118483785539865    3.753000020980835
2.1293016709387302    3.878000020980835
2.146754963323474    3.9630000591278076
2.1642082557082176    4.110000133514404
2.1816615480929613    4.089000225067139
2.199114840477705    4.175000190734863
2.2165681328624487    0.0
2.2340214252471924    0.0
2.251474717631936    0.0
2.2689280100166798    0.0
2.2863813024014235    0.0
2.303834594786167    0.0
2.321287887170911    0.0
2.3387411795556545    0.0
2.356194471940398    0.0
2.373647764325142    0.0
2.3911010567098856    0.0
2.4085543490946293    0.0
2.426007641479373    0.0
2.4434609338641167    0.0
2.4609142262488604    0.0
2.478367518633604    0.0
2.4958208110183477    0.0
2.5132741034030914    0.0
2.530727395787835    0.0
2.548180688172579    0.0
2.5656339805573225    0.0
2.583087272942066    0.0
2.60054056532681    0.0
2.6179938577115536    0.0
2.6354471500962973    0.0
2.652900442481041    4.184999942779541
2.6703537348657846    4.164999961853027
2.6878070272505283    4.13700008392334
2.705260319635272    0.0
2.7227136120200157    4.142000198364258
2.7401669044047594    4.124000072479248
2.757620196789503    4.0289998054504395
2.775073489174247    4.124000072479248
2.7925267815589905    3.9860000610351562
2.809980073943734    4.158999919891357
2.827433366328478    4.02400016784668
2.8448866587132215    3.992000102996826
2.8623399510979652    3.9739999771118164
2.879793243482709    3.875999927520752
2.8972465358674526    3.7980000972747803
2.9146998282521963    3.9170000553131104
2.93215312063694    3.9860000610351562
2.9496064130216837    3.9519999027252197
2.9670597054064274    3.8489999771118164
2.984512997791171    3.9100000858306885
3.0019662901759148    3.8359999656677246
3.0194195825606585    3.808000087738037
3.036872874945402    3.8559999465942383
3.054326167330146    3.8469998836517334
3.0717794597148895    3.8459999561309814
3.089232752099633    3.865999937057495
3.106686044484377    3.924999952316284
3.1241393368691206    3.8940000534057617
3.1415926292538643    3.9830000400543213
3.159045921638608    3.874000072479248
3.1764992140233517    3.933000087738037
3.1939525064080954    0.0
3.211405798792839    3.3469998836517334
3.2288590911775827    3.4030001163482666
3.2463123835623264    3.4110000133514404
3.26376567594707    3.3970000743865967
3.281218968331814    3.430000066757202
3.2986722607165575    3.4260001182556152
3.316125553101301    3.443000078201294
3.333578845486045    3.503999948501587
3.3510321378707886    3.499000072479248
3.3684854302555323    3.48799991607666
3.385938722640276    3.4730000495910645
3.4033920150250196    3.562000036239624
3.4208453074097633    3.4570000171661377
3.438298599794507    3.615000009536743
3.4557518921792507    0.0
3.4732051845639944    0.0
3.490658476948738    0.0
3.508111769333482    0.0
3.5255650617182255    0.0
3.543018354102969    0.0
3.560471646487713    0.0
3.5779249388724566    0.0
3.5953782312572002    0.0
3.612831523641944    0.0
3.6302848160266876    0.0
3.6477381084114313    1.2960000038146973
3.665191400796175    1.2790000438690186
3.6826446931809187    1.2790000438690186
3.7000979855656624    1.3420000076293945
3.717551277950406    0.0
3.7350045703351498    0.0
3.7524578627198935    0.0
3.769911155104637    0.0
3.787364447489381    0.0
3.8048177398741245    0.0
3.822271032258868    0.0
3.839724324643612    0.0
3.8571776170283556    0.0
3.8746309094130993    0.0
3.892084201797843    0.0
3.9095374941825867    0.0
3.9269907865673304    0.0
3.944444078952074    0.0
3.9618973713368177    0.0
3.9793506637215614    0.0
3.996803956106305    0.0
4.014257248491049    0.0
4.0317105408757925    0.0
4.049163833260536    0.0
4.06661712564528    0.0
4.084070418030024    0.0
4.101523710414767    0.0
4.118977002799511    1.0210000276565552
4.136430295184255    1.034000039100647
4.153883587568998    1.0490000247955322
4.171336879953742    1.0169999599456787
4.188790172338486    2.0989999771118164
4.206243464723229    2.0829999446868896
4.223696757107973    2.0880000591278076
4.241150049492717    2.059000015258789
4.2586033418774605    2.0220000743865967
4.276056634262204    2.0250000953674316
4.293509926646948    2.002000093460083
4.3109632190316916    1.9889999628067017
4.328416511416435    1.9800000190734863
4.345869803801179    1.9550000429153442
4.363323096185923    1.940000057220459
4.380776388570666    1.937000036239624
4.39822968095541    1.9259999990463257
4.415682973340154    1.909999966621399
4.433136265724897    1.9119999408721924
4.450589558109641    1.8990000486373901
4.468042850494385    0.4410000145435333
4.4854961428791285    0.4410000145435333
4.502949435263872    0.4410000145435333
4.520402727648616    0.4399999976158142
4.5378560200333595    0.43799999356269836
4.555309312418103    0.43700000643730164
4.572762604802847    0.4359999895095825
4.590215897187591    0.4350000023841858
4.607669189572334    0.4339999854564667
4.625122481957078    0.4339999854564667
4.642575774341822    0.43299999833106995
4.660029066726565    0.4339999854564667
4.677482359111309    0.4339999854564667
4.694935651496053    0.4350000023841858
4.712388943880796    0.4339999854564667
4.72984223626554    0.4350000023841858
4.747295528650284    0.4359999895095825
4.7647488210350275    0.43700000643730164
4.782202113419771    0.4390000104904175
4.799655405804515    0.4399999976158142
4.817108698189259    0.4410000145435333
4.834561990574002    0.4429999887943268
4.852015282958746    0.4440000057220459
4.86946857534349    0.44600000977516174
4.886921867728233    0.4480000138282776
4.904375160112977    0.44999998807907104
4.921828452497721    0.4519999921321869
4.939281744882464    0.45399999618530273
4.956735037267208    0.4560000002384186
4.974188329651952    0.45899999141693115
4.9916416220366955    0.460999995470047
5.009094914421439    0.46399998664855957
5.026548206806183    0.46700000762939453
5.0440014991909266    0.4699999988079071
5.06145479157567    0.4740000069141388
5.078908083960414    0.4779999852180481
5.096361376345158    0.4819999933242798
5.113814668729901    0.4880000054836273
5.131267961114645    0.49399998784065247
5.148721253499389    0.0
5.166174545884132    3.125
5.183627838268876    3.131999969482422
5.20108113065362    3.1500000953674316
5.2185344230383635    3.194000005722046
5.235987715423107    3.242000102996826
5.253441007807851    3.302999973297119
5.2708943001925945    3.309999942779541
5.288347592577338    3.3559999465942383
5.305800884962082    3.372999906539917
5.323254177346826    3.4200000762939453
5.340707469731569    3.447999954223633
5.358160762116313    3.5969998836517334
5.375614054501057    3.617000102996826
5.3930673468858    3.808000087738037
5.410520639270544    3.7769999504089355
5.427973931655288    3.799999952316284
5.445427224040031    3.822000026702881
5.462880516424775    1.937999963760376
5.480333808809519    1.9129999876022339
5.4977871011942625    1.9010000228881836
5.515240393579006    0.0
5.53269368596375    0.0
5.550146978348494    0.0
5.567600270733237    2.0409998893737793
5.585053563117981    2.065999984741211
5.602506855502725    2.0910000801086426
5.619960147887468    0.0
5.637413440272212    0.0
5.654866732656956    0.0
5.672320025041699    0.0
5.689773317426443    0.0
5.707226609811187    0.0
5.7246799021959305    0.0
5.742133194580674    0.0
5.759586486965418    0.0
5.7770397793501616    0.0
5.794493071734905    0.0
5.811946364119649    0.0
5.829399656504393    0.0
5.846852948889136    0.0
5.86430624127388    0.0
5.881759533658624    0.0
5.899212826043367    0.0
5.916666118428111    0.0
5.934119410812855    0.0
5.9515727031975985    1.4900000095367432
5.969025995582342    1.437999963760376
5.986479287967086    0.0
6.0039325803518295    2.115000009536743
6.021385872736573    0.0
6.038839165121317    0.0
6.056292457506061    0.0
6.073745749890804    2.9800000190734863
6.091199042275548    0.0
6.108652334660292    0.0
6.126105627045035    0.0
6.143558919429779    0.0
6.161012211814523    0.0
6.178465504199266    0.0
6.19591879658401    0.0
6.213372088968754    0.421999990940094
6.2308253813534975    0.0
6.248278673738241    0.0
6.265731966122985    0.0
0.0    0.0
0.01745329238474369    0.0
0.03490658476948738    0.0
0.05235987715423107    0.0
0.06981316953897476    0.0
0.08726646192371845    2.9809999465942383
0.10471975430846214    0.0
0.12217304669320583    0.0
0.13962633907794952    0.0
0.15707963146269321    2.1760001182556152
0.1745329238474369    0.0
0.1919862162321806    1.4730000495910645
0.20943950861692429    1.475000023841858
0.22689280100166798    0.0
0.24434609338641167    0.0
0.26179938577115536    0.0
0.27925267815589905    0.0
0.29670597054064274    0.0
0.31415926292538643    0.0
0.3316125553101301    0.0
0.3490658476948738    0.0
0.3665191400796175    0.0
0.3839724324643612    0.0
0.4014257248491049    0.0
0.41887901723384857    0.0
0.43633230961859226    0.0
0.45378560200333595    0.0
0.47123889438807964    0.0
0.48869218677282333    3.76200008392334
0.506145479157567    3.7790000438690186
0.5235987715423107    3.6730000972747803
0.5410520639270544    3.562000036239624
0.5585053563117981    3.5230000019073486
0.5759586486965418    3.446000099182129
0.5934119410812855    3.318000078201294
0.6108652334660292    3.306999921798706
0.6283185258507729    3.252000093460083
0.6457718182355165    3.1740000247955322
0.6632251106202602    3.11299991607666
0.6806784030050039    3.052999973297119
0.6981316953897476    3.003999948501587
0.7155849877744913    2.99399995803833
0.733038280159235    2.927000045776367
0.7504915725439787    2.88700008392334
0.7679448649287224    2.8469998836517334
0.7853981573134661    2.806999921798706
0.8028514496982098    2.7790000438690186
0.8203047420829535    2.743000030517578
0.8377580344676971    2.700000047683716
0.8552113268524408    2.6740000247955322
0.8726646192371845    2.634000062942505
0.8901179116219282    2.61299991607666
0.9075712040066719    2.5739998817443848
0.9250244963914156    2.578000068664551
0.9424777887761593    2.5429999828338623
0.959931081160903    2.5369999408721924
0.9773843735456467    2.4800000190734863
0.9948376659303904    2.4749999046325684
1.012290958315134    2.4570000171661377
1.0297442506998777    2.430999994277954
1.0471975430846214    2.424999952316284
1.0646508354693651    2.4079999923706055
1.0821041278541088    2.3889999389648438
1.0995574202388525    2.361999988555908
1.1170107126235962    2.3559999465942383
1.1344640050083399    2.3269999027252197
1.1519172973930836    2.3380000591278076
1.1693705897778273    2.319999933242798
1.186823882162571    2.309000015258789
1.2042771745473146    2.309000015258789
1.2217304669320583    2.2899999618530273
1.239183759316802    2.2829999923706055
1.2566370517015457    2.265000104904175
1.2740903440862894    2.2639999389648438
1.291543636471033    2.265000104904175
1.3089969288557768    2.23799991607666
1.3264502212405205    2.246000051498413
1.3439035136252642    2.236999988555908
1.3613568060100079    2.2320001125335693
1.3788100983947515    2.2190001010894775
1.3962633907794952    2.2209999561309814
1.413716683164239    2.2209999561309814
1.4311699755489826    2.2039999961853027
1.4486232679337263    2.2200000286102295
1.46607656031847    2.2320001125335693
1.4835298527032137    2.2100000381469727
1.5009831450879574    2.2200000286102295
1.518436437472701    2.2249999046325684
1.5358897298574448    2.2070000171661377
1.5533430222421885    2.2290000915527344
1.5707963146269321    2.2249999046325684
1.5882496070116758    2.23799991607666
1.6057028993964195    2.240000009536743
1.6231561917811632    2.247999906539917
1.640609484165907    2.252000093460083
1.6580627765506506    2.2720000743865967
1.6755160689353943    2.2679998874664307
1.692969361320138    2.2809998989105225
1.7104226537048817    2.309000015258789
1.7278759460896254    2.305000066757202
1.745329238474369    2.302000045776367
1.7627825308591127    2.306999921798706
1.7802358232438564    2.318000078201294
1.7976891156286001    2.3489999771118164
1.8151424080133438    2.375
1.8325957003980875    2.3589999675750732
1.8500489927828312    2.3970000743865967
1.8675022851675749    3.2839999198913574
1.8849555775523186    3.312000036239624
1.9024088699370623    3.3510000705718994
1.919862162321806    3.3980000019073486
1.9373154547065496    3.4200000762939453
1.9547687470912933    3.4059998989105225
1.972222039476037    3.505000114440918
1.9896753318607807    3.441999912261963
2.0071286242455244    3.367000102996826
2.024581916630268    3.305000066757202
2.042035209015012    3.309000015258789
2.0594885013997555    3.364000082015991
2.076941793784499    3.4059998989105225
2.094395086169243    0.0
2.1118483785539865    3.74399995803833
2.1293016709387302    3.9700000286102295
2.146754963323474    4.007999897003174
2.1642082557082176    4.15500020980835
2.1816615480929613    4.169000148773193
2.199114840477705    0.0
2.2165681328624487    0.0
2.2340214252471924    0.0
2.251474717631936    0.0
2.2689280100166798    0.0
2.2863813024014235    0.0
2.303834594786167    0.0
2.321287887170911    0.0
2.3387411795556545    0.0
2.356194471940398    0.0
2.373647764325142    0.0
2.3911010567098856    0.0
2.4085543490946293    0.0
2.426007641479373    0.0
2.4434609338641167    0.0
2.4609142262488604    0.0
2.478367518633604    0.0
2.4958208110183477    0.0
2.5132741034030914    0.0
2.530727395787835    0.0
2.548180688172579    0.0
2.5656339805573225    0.0
2.583087272942066    0.0
2.60054056532681    0.0
2.6179938577115536    0.0
2.6354471500962973    0.0
2.652900442481041    0.0
2.6703537348657846    4.122000217437744
2.6878070272505283    0.0
2.705260319635272    4.119999885559082
2.7227136120200157    4.081999778747559
2.7401669044047594    4.048999786376953
2.757620196789503    4.068999767303467
2.775073489174247    4.079999923706055
2.7925267815589905    4.053999900817871
2.809980073943734    4.085999965667725
2.827433366328478    4.00600004196167
2.8448866587132215    3.9649999141693115
2.8623399510979652    3.9570000171661377
2.879793243482709    3.9649999141693115
2.8972465358674526    3.992000102996826
2.9146998282521963    3.9149999618530273
2.93215312063694    3.8399999141693115
2.9496064130216837    3.8369998931884766
2.9670597054064274    3.8469998836517334
2.984512997791171    3.9149999618530273
3.0019662901759148    3.881999969482422
3.0194195825606585    3.8289999961853027
3.036872874945402    3.9119999408721924
3.054326167330146    3.7760000228881836
3.0717794597148895    3.9010000228881836
3.089232752099633    3.8369998931884766
3.106686044484377    3.871999979019165
3.1241393368691206    3.875
3.1415926292538643    4.043000221252441
3.159045921638608    4.011000156402588
3.1764992140233517    3.8519999980926514
3.1939525064080954    3.431999921798706
3.211405798792839    3.372999906539917
3.2288590911775827    3.3929998874664307
3.2463123835623264    3.4149999618530273
3.26376567594707    3.427999973297119
3.281218968331814    3.430999994277954
3.2986722607165575    3.436000108718872
3.316125553101301    3.430999994277954
3.333578845486045    3.4549999237060547
3.3510321378707886    3.450000047683716
3.3684854302555323    3.5429999828338623
3.385938722640276    3.553999900817871
3.4033920150250196    3.509000062942505
3.4208453074097633    3.6040000915527344
3.438298599794507    3.5889999866485596
3.4557518921792507    0.0
3.4732051845639944    0.0
3.490658476948738    0.0
3.508111769333482    0.0
3.5255650617182255    0.0
3.543018354102969    0.0
3.560471646487713    0.0
3.5779249388724566    0.0
3.5953782312572002    0.0
3.612831523641944    0.0
3.6302848160266876    0.0
3.6477381084114313    1.2699999809265137
3.665191400796175    1.2740000486373901
3.6826446931809187    1.281999945640564
3.7000979855656624    1.3650000095367432
3.717551277950406    0.0
3.7350045703351498    0.0
3.7524578627198935    0.0
3.769911155104637    0.0
3.787364447489381    0.0
3.8048177398741245    0.0
3.822271032258868    0.0
3.839724324643612    0.0
3.8571776170283556    0.0
3.8746309094130993    0.0
3.892084201797843    0.0
3.9095374941825867    0.0
3.9269907865673304    0.0
3.944444078952074    0.0
3.9618973713368177    0.0
3.9793506637215614    0.0
3.996803956106305    0.0
4.014257248491049    0.0
4.0317105408757925    0.0
4.049163833260536    0.0
4.06661712564528    0.0
4.084070418030024    0.0
4.101523710414767    0.0
4.118977002799511    1.0529999732971191
4.136430295184255    1.0240000486373901
4.153883587568998    1.00600004196167
4.171336879953742    0.9800000190734863
4.188790172338486    2.0999999046325684
4.206243464723229    2.078000068664551
4.223696757107973    2.059000015258789
4.241150049492717    2.052000045776367
4.2586033418774605    2.0350000858306885
4.276056634262204    2.00600004196167
4.293509926646948    1.996000051498413
4.3109632190316916    1.9850000143051147
4.328416511416435    1.9730000495910645
4.345869803801179    1.9539999961853027
4.363323096185923    1.9609999656677246
4.380776388570666    1.9390000104904175
4.39822968095541    1.9170000553131104
4.415682973340154    1.9160000085830688
4.433136265724897    1.9259999990463257
4.450589558109641    0.4449999928474426
4.468042850494385    0.4449999928474426
4.4854961428791285    0.44200000166893005
4.502949435263872    0.4399999976158142
4.520402727648616    0.4390000104904175
4.5378560200333595    0.43799999356269836
4.555309312418103    0.43799999356269836
4.572762604802847    0.43799999356269836
4.590215897187591    0.43700000643730164
4.607669189572334    0.4359999895095825
4.625122481957078    0.4359999895095825
4.642575774341822    0.4350000023841858
4.660029066726565    0.4350000023841858
4.677482359111309    0.4359999895095825
4.694935651496053    0.43700000643730164
4.712388943880796    0.43799999356269836
4.72984223626554    0.43799999356269836
4.747295528650284    0.4390000104904175
4.7647488210350275    0.4399999976158142
4.782202113419771    0.44200000166893005
4.799655405804515    0.4429999887943268
4.817108698189259    0.4440000057220459
4.834561990574002    0.44600000977516174
4.852015282958746    0.4480000138282776
4.86946857534349    0.44999998807907104
4.886921867728233    0.45100000500679016
4.904375160112977    0.453000009059906
4.921828452497721    0.45500001311302185
4.939281744882464    0.4569999873638153
4.956735037267208    0.45899999141693115
4.974188329651952    0.4620000123977661
4.9916416220366955    0.4650000035762787
5.009094914421439    0.46700000762939453
5.026548206806183    0.47099998593330383
5.0440014991909266    0.4749999940395355
5.06145479157567    0.4790000021457672
5.078908083960414    0.4830000102519989
5.096361376345158    0.4869999885559082
5.113814668729901    0.515999972820282
5.131267961114645    0.0
5.148721253499389    3.1059999465942383
5.166174545884132    3.125999927520752
5.183627838268876    3.1500000953674316
5.20108113065362    3.180999994277954
5.2185344230383635    3.2090001106262207
5.235987715423107    3.242000102996826
5.253441007807851    3.2850000858306885
5.2708943001925945    3.3329999446868896
5.288347592577338    3.371999979019165
5.305800884962082    3.38100004196167
5.323254177346826    3.440999984741211
5.340707469731569    3.5239999294281006
5.358160762116313    3.5139999389648438
5.375614054501057    3.5769999027252197
5.3930673468858    3.7100000381469727
5.410520639270544    3.7799999713897705
5.427973931655288    3.930000066757202
5.445427224040031    3.871000051498413
5.462880516424775    1.9290000200271606
5.480333808809519    1.9170000553131104
5.4977871011942625    1.9259999990463257
5.515240393579006    0.0
5.53269368596375    0.0
5.550146978348494    2.13700008392334
5.567600270733237    2.059999942779541
5.585053563117981    2.0420000553131104
5.602506855502725    2.072000026702881
5.619960147887468    0.0
5.637413440272212    0.0
5.654866732656956    0.0
5.672320025041699    0.0
5.689773317426443    0.0
5.707226609811187    0.0
5.7246799021959305    0.0
5.742133194580674    0.0
5.759586486965418    0.0
5.7770397793501616    0.0
5.794493071734905    0.0
5.811946364119649    0.0
5.829399656504393    0.0
5.846852948889136    0.0
5.86430624127388    0.0
5.881759533658624    0.0
5.899212826043367    0.0
5.916666118428111    0.0
5.934119410812855    0.0
5.9515727031975985    1.4800000190734863
5.969025995582342    1.4140000343322754
5.986479287967086    0.0
6.0039325803518295    2.115000009536743
6.021385872736573    0.0
6.038839165121317    0.0
6.056292457506061    0.0
6.073745749890804    3.0199999809265137
6.091199042275548    0.0
6.108652334660292    0.0
6.126105627045035    0.0
6.143558919429779    0.0
6.161012211814523    0.0
6.178465504199266    0.0
6.19591879658401    0.0
6.213372088968754    0.42100000381469727
6.2308253813534975    0.0
6.248278673738241    0.0
6.265731966122985    0.0
0.0    0.0
0.01745329238474369    0.0
0.03490658476948738    0.0
0.05235987715423107    0.0
0.06981316953897476    0.0
0.08726646192371845    2.9830000400543213
0.10471975430846214    0.0
0.12217304669320583    0.0
0.13962633907794952    0.0
0.15707963146269321    2.0959999561309814
0.1745329238474369    0.0
0.1919862162321806    1.4730000495910645
0.20943950861692429    1.4880000352859497
0.22689280100166798    0.0
0.24434609338641167    0.0
0.26179938577115536    0.0
0.27925267815589905    0.0
0.29670597054064274    0.0
0.31415926292538643    0.0
0.3316125553101301    0.0
0.3490658476948738    0.0
0.3665191400796175    0.0
0.3839724324643612    0.0
0.4014257248491049    0.0
0.41887901723384857    0.0
0.43633230961859226    0.0
0.45378560200333595    0.0
0.47123889438807964    4.077000141143799
0.48869218677282333    3.868000030517578
0.506145479157567    3.7899999618530273
0.5235987715423107    3.671999931335449
0.5410520639270544    3.61299991607666
0.5585053563117981    3.4790000915527344
0.5759586486965418    3.4570000171661377
0.5934119410812855    3.375
0.6108652334660292    3.306999921798706
0.6283185258507729    3.247999906539917
0.6457718182355165    3.187000036239624
0.6632251106202602    3.117000102996826
0.6806784030050039    3.0769999027252197
0.6981316953897476    3.015000104904175
0.7155849877744913    3.000999927520752
0.733038280159235    2.9189999103546143
0.7504915725439787    2.8949999809265137
0.7679448649287224    2.8480000495910645
0.7853981573134661    2.812999963760376
0.8028514496982098    2.7709999084472656
0.8203047420829535    2.7330000400543213
0.8377580344676971    2.7119998931884766
0.8552113268524408    2.680000066757202
0.8726646192371845    2.6410000324249268
0.8901179116219282    2.6440000534057617
0.9075712040066719    2.5899999141693115
0.9250244963914156    2.571000099182129
0.9424777887761593    2.5360000133514404
0.959931081160903    2.5239999294281006
0.9773843735456467    2.4830000400543213
0.9948376659303904    2.4830000400543213
1.012290958315134    2.446000099182129
1.0297442506998777    2.434999942779541
1.0471975430846214    2.427999973297119
1.0646508354693651    2.4240000247955322
1.0821041278541088    2.4040000438690186
1.0995574202388525    2.371999979019165
1.1170107126235962    2.3559999465942383
1.1344640050083399    2.3429999351501465
1.1519172973930836    2.3350000381469727
1.1693705897778273    2.3269999027252197
1.186823882162571    2.321000099182129
1.2042771745473146    2.296999931335449
1.2217304669320583    2.2890000343322754
1.239183759316802    2.2850000858306885
1.2566370517015457    2.260999917984009
1.2740903440862894    2.2690000534057617
1.291543636471033    2.263000011444092
1.3089969288557768    2.25
1.3264502212405205    2.2339999675750732
1.3439035136252642    2.2139999866485596
1.3613568060100079    2.236999988555908
1.3788100983947515    2.2130000591278076
1.3962633907794952    2.2170000076293945
1.413716683164239    2.2190001010894775
1.4311699755489826    2.2119998931884766
1.4486232679337263    2.2269999980926514
1.46607656031847    2.2149999141693115
1.4835298527032137    2.2100000381469727
1.5009831450879574    2.2269999980926514
1.518436437472701    2.2190001010894775
1.5358897298574448    2.2190001010894775
1.5533430222421885    2.2269999980926514
1.5707963146269321    2.2309999465942383
1.5882496070116758    2.2300000190734863
1.6057028993964195    2.242000102996826
1.6231561917811632    2.242000102996826
1.640609484165907    2.246000051498413
1.6580627765506506    2.255000114440918
1.6755160689353943    2.2780001163482666
1.692969361320138    2.2820000648498535
1.7104226537048817    2.309000015258789
1.7278759460896254    2.315000057220459
1.745329238474369    2.319000005722046
1.7627825308591127    2.315999984741211
1.7802358232438564    2.3350000381469727
1.7976891156286001    2.3510000705718994
1.8151424080133438    2.3589999675750732
1.8325957003980875    2.36899995803833
1.8500489927828312    2.38700008392334
1.8675022851675749    3.2920000553131104
1.8849555775523186    3.3289999961853027
1.9024088699370623    3.3519999980926514
1.919862162321806    3.3910000324249268
1.9373154547065496    3.3940000534057617
1.9547687470912933    3.4549999237060547
1.972222039476037    3.4830000400543213
1.9896753318607807    3.5250000953674316
2.0071286242455244    3.3540000915527344
2.024581916630268    3.2939999103546143
2.042035209015012    3.3340001106262207
2.0594885013997555    3.3910000324249268
2.076941793784499    3.4079999923706055
2.094395086169243    3.5399999618530273
2.1118483785539865    3.744999885559082
2.1293016709387302    3.940999984741211
2.146754963323474    3.940999984741211
2.1642082557082176    4.099999904632568
2.1816615480929613    0.0
2.199114840477705    0.0
2.2165681328624487    0.0
2.2340214252471924    0.0
2.251474717631936    0.0
2.2689280100166798    0.0
2.2863813024014235    0.0
2.303834594786167    0.0
2.321287887170911    0.0
2.3387411795556545    0.0
2.356194471940398    0.0
2.373647764325142    0.0
2.3911010567098856    0.0
2.4085543490946293    0.0
2.426007641479373    0.0
2.4434609338641167    0.0
2.4609142262488604    0.0
2.478367518633604    0.0
2.4958208110183477    0.0
2.5132741034030914    0.0
2.530727395787835    0.0
2.548180688172579    0.0
2.5656339805573225    0.0
2.583087272942066    0.0
2.60054056532681    0.0
2.6179938577115536    0.0
2.6354471500962973    0.0
2.652900442481041    4.191999912261963
2.6703537348657846    0.0
2.6878070272505283    4.133999824523926
2.705260319635272    4.050000190734863
2.7227136120200157    4.164000034332275
2.7401669044047594    4.136000156402588
2.757620196789503    4.046000003814697
2.775073489174247    4.073999881744385
2.7925267815589905    4.006999969482422
2.809980073943734    4.0279998779296875
2.827433366328478    4.041999816894531
2.8448866587132215    3.9820001125335693
2.8623399510979652    3.8989999294281006
2.879793243482709    3.8980000019073486
2.8972465358674526    3.8959999084472656
2.9146998282521963    3.9159998893737793
2.93215312063694    3.8459999561309814
2.9496064130216837    3.8450000286102295
2.9670597054064274    3.8610000610351562
2.984512997791171    3.931999921798706
3.0019662901759148    3.819999933242798
3.0194195825606585    3.8910000324249268
3.036872874945402    3.927999973297119
3.054326167330146    3.9079999923706055
3.0717794597148895    3.8259999752044678
3.089232752099633    3.9260001182556152
3.106686044484377    3.921999931335449
3.1241393368691206    3.9739999771118164
3.1415926292538643    4.050000190734863
3.159045921638608    3.9189999103546143
3.1764992140233517    3.9560000896453857
3.1939525064080954    3.372999906539917
3.211405798792839    3.369999885559082
3.2288590911775827    3.3919999599456787
3.2463123835623264    3.424999952316284
3.26376567594707    3.3940000534057617
3.281218968331814    3.433000087738037
3.2986722607165575    3.4100000858306885
3.316125553101301    3.4660000801086426
3.333578845486045    3.427000045776367
3.3510321378707886    3.5220000743865967
3.3684854302555323    3.513000011444092
3.385938722640276    3.51200008392334
3.4033920150250196    3.5409998893737793
3.4208453074097633    3.5959999561309814
3.438298599794507    3.6429998874664307
3.4557518921792507    0.0
3.4732051845639944    0.0
3.490658476948738    0.0
3.508111769333482    0.0
3.5255650617182255    0.0
3.543018354102969    0.0
3.560471646487713    0.0
3.5779249388724566    0.0
3.5953782312572002    0.0
3.612831523641944    0.0
3.6302848160266876    0.0
3.6477381084114313    1.274999976158142
3.665191400796175    1.2599999904632568
3.6826446931809187    1.2910000085830688
3.7000979855656624    1.2130000591278076
3.717551277950406    0.0
3.7350045703351498    0.0
3.7524578627198935    0.0
3.769911155104637    0.0
3.787364447489381    0.0
3.8048177398741245    0.0
3.822271032258868    0.0
3.839724324643612    0.0
3.8571776170283556    0.0
3.8746309094130993    0.0
3.892084201797843    0.0
3.9095374941825867    0.0
3.9269907865673304    0.0
3.944444078952074    0.0
3.9618973713368177    0.0
3.9793506637215614    0.0
3.996803956106305    0.0
4.014257248491049    0.0
4.0317105408757925    0.0
4.049163833260536    0.0
4.06661712564528    0.0
4.084070418030024    0.0
4.101523710414767    0.0
4.118977002799511    1.0460000038146973
4.136430295184255    1.0390000343322754
4.153883587568998    1.0479999780654907
4.171336879953742    1.0429999828338623
4.188790172338486    2.0940001010894775
4.206243464723229    2.071000099182129
4.223696757107973    2.063999891281128
4.241150049492717    2.0480000972747803
4.2586033418774605    2.0369999408721924
4.276056634262204    2.0179998874664307
4.293509926646948    1.9900000095367432
4.3109632190316916    1.9789999723434448
4.328416511416435    1.9589999914169312
4.345869803801179    1.940000057220459
4.363323096185923    1.9429999589920044
4.380776388570666    0.44999998807907104
4.39822968095541    0.44999998807907104
4.415682973340154    0.44600000977516174
4.433136265724897    0.4449999928474426
4.450589558109641    0.4429999887943268
4.468042850494385    0.44200000166893005
4.4854961428791285    0.4410000145435333
4.502949435263872    0.4390000104904175
4.520402727648616    0.43799999356269836
4.5378560200333595    0.4390000104904175
4.555309312418103    0.4390000104904175
4.572762604802847    0.43799999356269836
4.590215897187591    0.4390000104904175
4.607669189572334    0.43799999356269836
4.625122481957078    0.4390000104904175
4.642575774341822    0.4390000104904175
4.660029066726565    0.4390000104904175
4.677482359111309    0.4399999976158142
4.694935651496053    0.4410000145435333
4.712388943880796    0.4410000145435333
4.72984223626554    0.4429999887943268
4.747295528650284    0.44600000977516174
4.7647488210350275    0.44699999690055847
4.782202113419771    0.4490000009536743
4.799655405804515    0.44999998807907104
4.817108698189259    0.45100000500679016
4.834561990574002    0.453000009059906
4.852015282958746    0.45500001311302185
4.86946857534349    0.4569999873638153
4.886921867728233    0.45899999141693115
4.904375160112977    0.460999995470047
4.921828452497721    0.46399998664855957
4.939281744882464    0.4659999907016754
4.956735037267208    0.4690000116825104
4.974188329651952    0.47200000286102295
4.9916416220366955    0.47600001096725464
5.009094914421439    0.47999998927116394
5.026548206806183    0.4830000102519989
5.0440014991909266    0.4869999885559082
5.06145479157567    0.0
5.078908083960414    3.0190000534057617
5.096361376345158    3.0199999809265137
5.113814668729901    3.061000108718872
5.131267961114645    3.068000078201294
5.148721253499389    3.0959999561309814
5.166174545884132    3.130000114440918
5.183627838268876    3.1659998893737793
5.20108113065362    3.1689999103546143
5.2185344230383635    3.2249999046325684
5.235987715423107    3.2339999675750732
5.253441007807851    3.302000045776367
5.2708943001925945    3.316999912261963
5.288347592577338    3.365000009536743
5.305800884962082    3.4019999504089355
5.323254177346826    3.4539999961853027
5.340707469731569    3.4839999675750732
5.358160762116313    3.5139999389648438
5.375614054501057    3.5460000038146973
5.3930673468858    3.7130000591278076
5.410520639270544    3.7690000534057617
5.427973931655288    3.8450000286102295
5.445427224040031    3.882999897003174
5.462880516424775    1.9179999828338623
5.480333808809519    1.8960000276565552
5.4977871011942625    1.8830000162124634
5.515240393579006    0.0
5.53269368596375    0.0
5.550146978348494    2.1010000705718994
5.567600270733237    2.0510001182556152
5.585053563117981    2.059000015258789
5.602506855502725    2.1070001125335693
5.619960147887468    0.0
5.637413440272212    0.0
5.654866732656956    0.0
5.672320025041699    0.0
5.689773317426443    0.0
5.707226609811187    0.0
5.7246799021959305    0.0
5.742133194580674    0.0
5.759586486965418    0.0
5.7770397793501616    0.0
5.794493071734905    0.0
5.811946364119649    0.0
5.829399656504393    0.0
5.846852948889136    0.0
5.86430624127388    0.0
5.881759533658624    0.0
5.899212826043367    0.0
5.916666118428111    0.0
5.934119410812855    0.0
5.9515727031975985    1.4839999675750732
5.969025995582342    1.4119999408721924
5.986479287967086    0.0
6.0039325803518295    2.13700008392334
6.021385872736573    0.0
6.038839165121317    0.0
6.056292457506061    0.0
6.073745749890804    2.9830000400543213
6.091199042275548    0.0
6.108652334660292    0.0
6.126105627045035    0.0
6.143558919429779    0.0
6.161012211814523    0.0
6.178465504199266    0.0
6.19591879658401    0.0
6.213372088968754    0.41999998688697815
6.2308253813534975    0.0
6.248278673738241    0.0
6.265731966122985    0.0
0.0    0.0
0.01745329238474369    0.0
0.03490658476948738    0.0
0.05235987715423107    0.0
0.06981316953897476    0.0
0.08726646192371845    2.996000051498413
0.10471975430846214    0.0
0.12217304669320583    0.0
0.13962633907794952    0.0
0.15707963146269321    2.193000078201294
0.1745329238474369    2.188999891281128
0.1919862162321806    1.5149999856948853
0.20943950861692429    1.5130000114440918
0.22689280100166798    0.0
0.24434609338641167    0.0
0.26179938577115536    0.0
0.27925267815589905    0.0
0.29670597054064274    0.0
0.31415926292538643    0.0
0.3316125553101301    0.0
0.3490658476948738    0.0
0.3665191400796175    0.0
0.3839724324643612    0.0
0.4014257248491049    0.0
0.41887901723384857    0.0
0.43633230961859226    0.0
0.45378560200333595    0.0
0.47123889438807964    0.0
0.48869218677282333    3.943000078201294
0.506145479157567    3.687000036239624
0.5235987715423107    3.7269999980926514
0.5410520639270544    3.622999906539917
0.5585053563117981    3.509999990463257
0.5759586486965418    3.4059998989105225
0.5934119410812855    3.3519999980926514
0.6108652334660292    3.312999963760376
0.6283185258507729    3.240999937057495
0.6457718182355165    3.187000036239624
0.6632251106202602    3.125999927520752
0.6806784030050039    3.0810000896453857
0.6981316953897476    3.0220000743865967
0.7155849877744913    3.005000114440918
0.733038280159235    2.927000045776367
0.7504915725439787    2.9159998893737793
0.7679448649287224    2.8510000705718994
0.7853981573134661    2.8289999961853027
0.8028514496982098    2.7730000019073486
0.8203047420829535    2.746000051498413
0.8377580344676971    2.7149999141693115
0.8552113268524408    2.687000036239624
0.8726646192371845    2.6480000019073486
0.8901179116219282    2.628999948501587
0.9075712040066719    2.5950000286102295
0.9250244963914156    2.559000015258789
0.9424777887761593    2.5409998893737793
0.959931081160903    2.5309998989105225
0.9773843735456467    2.4800000190734863
0.9948376659303904    2.4809999465942383
1.012290958315134    2.444000005722046
1.0297442506998777    2.427999973297119
1.0471975430846214    2.427000045776367
1.0646508354693651    2.4179999828338623
1.0821041278541088    2.3980000019073486
1.0995574202388525    2.367000102996826
1.1170107126235962    2.374000072479248
1.1344640050083399    2.3459999561309814
1.1519172973930836    2.3289999961853027
1.1693705897778273    2.3269999027252197
1.186823882162571    2.322999954223633
1.2042771745473146    2.302000045776367
1.2217304669320583    2.3010001182556152
1.239183759316802    2.2799999713897705
1.2566370517015457    2.2750000953674316
1.2740903440862894    2.2660000324249268
1.291543636471033    2.250999927520752
1.3089969288557768    2.247999906539917
1.3264502212405205    2.250999927520752
1.3439035136252642    2.23799991607666
1.3613568060100079    2.234999895095825
1.3788100983947515    2.2249999046325684
1.3962633907794952    2.2190001010894775
1.413716683164239    2.2170000076293945
1.4311699755489826    2.2009999752044678
1.4486232679337263    2.2239999771118164
1.46607656031847    2.2260000705718994
1.4835298527032137    2.2130000591278076
1.5009831450879574    2.2269999980926514
1.518436437472701    2.2219998836517334
1.5358897298574448    2.2079999446868896
1.5533430222421885    2.2170000076293945
1.5707963146269321    2.242000102996826
1.5882496070116758    2.2320001125335693
1.6057028993964195    2.24399995803833
1.6231561917811632    2.253999948501587
1.640609484165907    2.246999979019165
1.6580627765506506    2.260999917984009
1.6755160689353943    2.2799999713897705
1.692969361320138    2.2839999198913574
1.7104226537048817    2.2929999828338623
1.7278759460896254    2.3010001182556152
1.745329238474369    2.315000057220459
1.7627825308591127    2.305999994277954
1.7802358232438564    2.3359999656677246
1.7976891156286001    2.3510000705718994
1.8151424080133438    2.3510000705718994
1.8325957003980875    2.380000114440918
1.8500489927828312    2.3919999599456787
1.8675022851675749    3.2909998893737793
1.8849555775523186    3.312999963760376
1.9024088699370623    3.3910000324249268
1.919862162321806    3.3989999294281006
1.9373154547065496    3.4189999103546143
1.9547687470912933    3.440000057220459
1.972222039476037    3.496000051498413
1.9896753318607807    3.5239999294281006
2.0071286242455244    3.3459999561309814
2.024581916630268    3.321000099182129
2.042035209015012    3.3420000076293945
2.0594885013997555    3.371000051498413
2.076941793784499    3.3380000591278076
2.094395086169243    3.5209999084472656
2.1118483785539865    3.746999979019165
2.1293016709387302    3.9140000343322754
2.146754963323474    3.944000005722046
2.1642082557082176    4.118000030517578
2.1816615480929613    0.0
2.199114840477705    0.0
2.2165681328624487    0.0
2.2340214252471924    0.0
2.251474717631936    0.0
2.2689280100166798    0.0
2.2863813024014235    0.0
2.303834594786167    0.0
2.321287887170911    0.0
2.3387411795556545    0.0
2.356194471940398    0.0
2.373647764325142    0.0
2.3911010567098856    0.0
2.4085543490946293    0.0
2.426007641479373    0.0
2.4434609338641167    0.0
2.4609142262488604    0.0
2.478367518633604    0.0
2.4958208110183477    0.0
2.5132741034030914    0.0
2.530727395787835    0.0
2.548180688172579    0.0
2.5656339805573225    0.0
2.583087272942066    0.0
2.60054056532681    0.0
2.6179938577115536    0.0
2.6354471500962973    4.169000148773193
2.652900442481041    0.0
2.6703537348657846    0.0
2.6878070272505283    4.163000106811523
2.705260319635272    4.114999771118164
2.7227136120200157    0.0
2.7401669044047594    4.199999809265137
2.757620196789503    4.10699987411499
2.775073489174247    4.048999786376953
2.7925267815589905    4.093999862670898
2.809980073943734    4.03000020980835
2.827433366328478    3.928999900817871
2.8448866587132215    3.9560000896453857
2.8623399510979652    3.9649999141693115
2.879793243482709    3.996000051498413
2.8972465358674526    3.9590001106262207
2.9146998282521963    3.799999952316284
2.93215312063694    3.864000082015991
2.9496064130216837    3.941999912261963
2.9670597054064274    3.8910000324249268
2.984512997791171    3.9489998817443848
3.0019662901759148    3.882999897003174
3.0194195825606585    3.8459999561309814
3.036872874945402    3.877000093460083
3.054326167330146    3.818000078201294
3.0717794597148895    3.825000047683716
3.089232752099633    3.9749999046325684
3.106686044484377    3.943000078201294
3.1241393368691206    3.9179999828338623
3.1415926292538643    3.9649999141693115
3.159045921638608    3.881999969482422
3.1764992140233517    3.927999973297119
3.1939525064080954    0.0
3.211405798792839    3.3450000286102295
3.2288590911775827    3.377000093460083
3.2463123835623264    3.3959999084472656
3.26376567594707    3.4149999618530273
3.281218968331814    3.4609999656677246
3.2986722607165575    3.4170000553131104
3.316125553101301    3.4210000038146973
3.333578845486045    3.4690001010894775
3.3510321378707886    3.549999952316284
3.3684854302555323    3.503999948501587
3.385938722640276    3.549999952316284
3.4033920150250196    3.549999952316284
3.4208453074097633    3.621000051498413
3.438298599794507    3.5889999866485596
3.4557518921792507    0.0
3.4732051845639944    0.0
3.490658476948738    0.0
3.508111769333482    0.0
3.5255650617182255    0.0
3.543018354102969    0.0
3.560471646487713    0.0
3.5779249388724566    0.0
3.5953782312572002    0.0
3.612831523641944    0.0
3.6302848160266876    0.0
3.6477381084114313    1.2920000553131104
3.665191400796175    1.2649999856948853
3.6826446931809187    1.2640000581741333
3.7000979855656624    1.3589999675750732
3.717551277950406    0.0
3.7350045703351498    0.0
3.7524578627198935    0.0
3.769911155104637    0.0
3.787364447489381    0.0
3.8048177398741245    0.0
3.822271032258868    0.0
3.839724324643612    0.0
3.8571776170283556    0.0
3.8746309094130993    0.0
3.892084201797843    0.0
3.9095374941825867    0.0
3.9269907865673304    0.0
3.944444078952074    0.0
3.9618973713368177    0.0
3.9793506637215614    0.0
3.996803956106305    0.0
4.014257248491049    0.0
4.0317105408757925    0.0
4.049163833260536    0.0
4.06661712564528    0.0
4.084070418030024    0.0
4.101523710414767    0.0
4.118977002799511    1.0240000486373901
4.136430295184255    1.0240000486373901
4.153883587568998    1.024999976158142
4.171336879953742    1.0609999895095825
4.188790172338486    2.0950000286102295
4.206243464723229    2.062000036239624
4.223696757107973    2.055999994277954
4.241150049492717    2.0399999618530273
4.2586033418774605    2.0239999294281006
4.276056634262204    0.44699999690055847
4.293509926646948    0.44699999690055847
4.3109632190316916    0.4480000138282776
4.328416511416435    0.4480000138282776
4.345869803801179    0.44600000977516174
4.363323096185923    0.4440000057220459
4.380776388570666    0.4429999887943268
4.39822968095541    0.4410000145435333
4.415682973340154    0.4390000104904175
4.433136265724897    0.4390000104904175
4.450589558109641    0.43700000643730164
4.468042850494385    0.43700000643730164
4.4854961428791285    0.4359999895095825
4.502949435263872    0.4359999895095825
4.520402727648616    0.4359999895095825
4.5378560200333595    0.4359999895095825
4.555309312418103    0.4359999895095825
4.572762604802847    0.4359999895095825
4.590215897187591    0.43700000643730164
4.607669189572334    0.43700000643730164
4.625122481957078    0.43700000643730164
4.642575774341822    0.4390000104904175
4.660029066726565    0.4399999976158142
4.677482359111309    0.4410000145435333
4.694935651496053    0.44200000166893005
4.712388943880796    0.4429999887943268
4.72984223626554    0.4440000057220459
4.747295528650284    0.44600000977516174
4.7647488210350275    0.4480000138282776
4.782202113419771    0.44999998807907104
4.799655405804515    0.4519999921321869
4.817108698189259    0.45399999618530273
4.834561990574002    0.4560000002384186
4.852015282958746    0.4580000042915344
4.86946857534349    0.460999995470047
4.886921867728233    0.46299999952316284
4.904375160112977    0.4659999907016754
4.921828452497721    0.46799999475479126
4.939281744882464    0.47099998593330383
4.956735037267208    0.4729999899864197
4.974188329651952    0.0
4.9916416220366955    2.9679999351501465
5.009094914421439    2.9010000228881836
5.026548206806183    2.928999900817871
5.0440014991909266    2.9660000801086426
5.06145479157567    2.9570000171661377
5.078908083960414    2.9719998836517334
5.096361376345158    3.009999990463257
5.113814668729901    3.052000045776367
5.131267961114645    3.058000087738037
5.148721253499389    3.0950000286102295
5.166174545884132    3.11899995803833
5.183627838268876    3.1440000534057617
5.20108113065362    3.2009999752044678
5.2185344230383635    3.2019999027252197
5.235987715423107    3.2339999675750732
5.253441007807851    3.2809998989105225
5.2708943001925945    3.3359999656677246
5.288347592577338    3.36299991607666
5.305800884962082    3.3589999675750732
5.323254177346826    3.431999921798706
5.340707469731569    3.509000062942505
5.358160762116313    3.5369999408721924
5.375614054501057    3.5460000038146973
5.3930673468858    3.680999994277954
5.410520639270544    3.7300000190734863
5.427973931655288    3.809999942779541
5.445427224040031    3.7119998931884766
5.462880516424775    1.9259999990463257
5.480333808809519    1.8980000019073486
5.4977871011942625    1.937999963760376
5.515240393579006    0.0
5.53269368596375    0.0
5.550146978348494    2.115000009536743
5.567600270733237    2.0969998836517334
5.585053563117981    2.068000078201294
5.602506855502725    2.1600000858306885
5.619960147887468    0.0
5.637413440272212    0.0
5.654866732656956    0.0
5.672320025041699    0.0
5.689773317426443    0.0
5.707226609811187    0.0
5.7246799021959305    0.0
5.742133194580674    0.0
5.759586486965418    0.0
5.7770397793501616    0.0
5.794493071734905    0.0
5.811946364119649    0.0
5.829399656504393    0.0
5.846852948889136    0.0
5.86430624127388    0.0
5.881759533658624    0.0
5.899212826043367    0.0
5.916666118428111    0.0
5.934119410812855    0.0
5.9515727031975985    1.4789999723434448
5.969025995582342    1.444000005722046
5.986479287967086    0.0
6.0039325803518295    2.109999895095825
6.021385872736573    0.0
6.038839165121317    0.0
6.056292457506061    0.0
6.073745749890804    3.002000093460083
6.091199042275548    0.0
6.108652334660292    0.0
6.126105627045035    0.0
6.143558919429779    0.0
6.161012211814523    0.0
6.178465504199266    0.0
6.19591879658401    0.0
6.213372088968754    0.42100000381469727
6.2308253813534975    0.0
6.248278673738241    0.0
6.265731966122985    0.0
0.0    0.0
0.01745329238474369    0.0
0.03490658476948738    0.0
0.05235987715423107    3.5959999561309814
0.06981316953897476    0.0
0.08726646192371845    0.0
0.10471975430846214    0.0
0.12217304669320583    0.0
0.13962633907794952    0.0
0.15707963146269321    0.0
0.1745329238474369    2.1540000438690186
0.1919862162321806    1.5140000581741333
0.20943950861692429    1.4919999837875366
0.22689280100166798    0.0
0.24434609338641167    0.0
0.26179938577115536    0.0
0.27925267815589905    0.0
0.29670597054064274    0.0
0.31415926292538643    0.0
0.3316125553101301    0.0
0.3490658476948738    0.0
0.3665191400796175    0.0
0.3839724324643612    0.0
0.4014257248491049    0.0
0.41887901723384857    0.0
0.43633230961859226    0.0
0.45378560200333595    0.0
0.47123889438807964    0.0
0.48869218677282333    4.1020002365112305
0.506145479157567    3.808000087738037
0.5235987715423107    3.747999906539917
0.5410520639270544    3.6619999408721924
0.5585053563117981    3.5199999809265137
0.5759586486965418    3.4820001125335693
0.5934119410812855    3.325000047683716
0.6108652334660292    3.311000108718872
0.6283185258507729    3.255000114440918
0.6457718182355165    3.203000068664551
0.6632251106202602    3.117000102996826
0.6806784030050039    3.0739998817443848
0.6981316953897476    3.053999900817871
0.7155849877744913    2.9769999980926514
0.733038280159235    2.937000036239624
0.7504915725439787    2.9070000648498535
0.7679448649287224    2.88100004196167
0.7853981573134661    2.812999963760376
0.8028514496982098    2.7899999618530273
0.8203047420829535    2.747999906539917
0.8377580344676971    2.7119998931884766
0.8552113268524408    2.6689999103546143
0.8726646192371845    2.6459999084472656
0.8901179116219282    2.63100004196167
0.9075712040066719    2.6070001125335693
0.9250244963914156    2.552000045776367
0.9424777887761593    2.549999952316284
0.959931081160903    2.5299999713897705
0.9773843735456467    2.490999937057495
0.9948376659303904    2.4790000915527344
1.012290958315134    2.450000047683716
1.0297442506998777    2.438999891281128
1.0471975430846214    2.430000066757202
1.0646508354693651    2.430999994277954
1.0821041278541088    2.3949999809265137
1.0995574202388525    2.384999990463257
1.1170107126235962    2.3550000190734863
1.1344640050083399    2.3589999675750732
1.1519172973930836    2.3420000076293945
1.1693705897778273    2.3259999752044678
1.186823882162571    2.316999912261963
1.2042771745473146    2.312000036239624
1.2217304669320583    2.2939999103546143
1.239183759316802    2.2950000762939453
1.2566370517015457    2.259999990463257
1.2740903440862894    2.256999969482422
1.291543636471033    2.250999927520752
1.3089969288557768    2.242000102996826
1.3264502212405205    2.24399995803833
1.3439035136252642    2.239000082015991
1.3613568060100079    2.246000051498413
1.3788100983947515    2.2219998836517334
1.3962633907794952    2.2260000705718994
1.413716683164239    2.2109999656677246
1.4311699755489826    2.2130000591278076
1.4486232679337263    2.2119998931884766
1.46607656031847    2.2049999237060547
1.4835298527032137    2.2300000190734863
1.5009831450879574    2.200000047683716
1.518436437472701    2.2219998836517334
1.5358897298574448    2.2279999256134033
1.5533430222421885    2.2249999046325684
1.5707963146269321    2.2239999771118164
1.5882496070116758    2.236999988555908
1.6057028993964195    2.2360000610351562
1.6231561917811632    2.255000114440918
1.640609484165907    2.252000093460083
1.6580627765506506    2.242000102996826
1.6755160689353943    2.256999969482422
1.692969361320138    2.2690000534057617
1.7104226537048817    2.2920000553131104
1.7278759460896254    2.313999891281128
1.745329238474369    2.313999891281128
1.7627825308591127    2.3289999961853027
1.7802358232438564    2.3269999027252197
1.7976891156286001    2.3519999980926514
1.8151424080133438    2.3480000495910645
1.8325957003980875    2.38700008392334
1.8500489927828312    2.385999917984009
1.8675022851675749    3.315000057220459
1.8849555775523186    3.3350000381469727
1.9024088699370623    3.371000051498413
1.919862162321806    3.384000062942505
1.9373154547065496    3.4130001068115234
1.9547687470912933    3.427000045776367
1.972222039476037    3.443000078201294
1.9896753318607807    3.5360000133514404
2.0071286242455244    3.368000030517578
2.024581916630268    3.3310000896453857
2.042035209015012    3.322000026702881
2.0594885013997555    3.369999885559082
2.076941793784499    3.3889999389648438
2.094395086169243    3.430000066757202
2.1118483785539865    3.686000108718872
2.1293016709387302    3.98799991607666
2.146754963323474    3.997999906539917
2.1642082557082176    3.992000102996826
2.1816615480929613    4.139999866485596
2.199114840477705    4.146999835968018
2.2165681328624487    0.0
2.2340214252471924    0.0
2.251474717631936    0.0
2.2689280100166798    0.0
2.2863813024014235    0.0
2.303834594786167    0.0
2.321287887170911    0.0
2.3387411795556545    0.0
2.356194471940398    0.0
2.373647764325142    0.0
2.3911010567098856    0.0
2.4085543490946293    0.0
2.426007641479373    0.0
2.4434609338641167    0.0
2.4609142262488604    0.0
2.478367518633604    0.0
2.4958208110183477    0.0
2.5132741034030914    0.0
2.530727395787835    0.0
2.548180688172579    0.0
2.5656339805573225    0.0
2.583087272942066    0.0
2.60054056532681    0.0
2.6179938577115536    0.0
2.6354471500962973    0.0
2.652900442481041    0.0
2.6703537348657846    4.158999919891357
2.6878070272505283    0.0
2.705260319635272    4.198999881744385
2.7227136120200157    4.0960001945495605
2.7401669044047594    4.081999778747559
2.757620196789503    4.0929999351501465
2.775073489174247    4.177000045776367
2.7925267815589905    3.953000068664551
2.809980073943734    4.004000186920166
2.827433366328478    3.997999906539917
2.8448866587132215    3.940999984741211
2.8623399510979652    3.9700000286102295
2.879793243482709    3.9549999237060547
2.8972465358674526    3.882999897003174
2.9146998282521963    3.9260001182556152
2.93215312063694    3.9579999446868896
2.9496064130216837    3.881999969482422
2.9670597054064274    3.859999895095825
2.984512997791171    3.9059998989105225
3.0019662901759148    4.006999969482422
3.0194195825606585    3.999000072479248
3.036872874945402    3.9539999961853027
3.054326167330146    3.8910000324249268
3.0717794597148895    3.867000102996826
3.089232752099633    3.953000068664551
3.106686044484377    3.930999994277954
3.1241393368691206    3.9000000953674316
3.1415926292538643    3.9600000381469727
3.159045921638608    0.0
3.1764992140233517    3.9839999675750732
3.1939525064080954    0.0
3.211405798792839    3.3519999980926514
3.2288590911775827    3.38100004196167
3.2463123835623264    3.4670000076293945
3.26376567594707    3.428999900817871
3.281218968331814    3.427000045776367
3.2986722607165575    3.4570000171661377
3.316125553101301    3.4609999656677246
3.333578845486045    3.486999988555908
3.3510321378707886    3.4609999656677246
3.3684854302555323    3.489000082015991
3.385938722640276    3.502000093460083
3.4033920150250196    3.5369999408721924
3.4208453074097633    3.5409998893737793
3.438298599794507    3.5969998836517334
3.4557518921792507    0.0
3.4732051845639944    0.0
3.490658476948738    0.0
3.508111769333482    0.0
3.5255650617182255    0.0
3.543018354102969    0.0
3.560471646487713    0.0
3.5779249388724566    0.0
3.5953782312572002    0.0
3.612831523641944    0.0
3.6302848160266876    0.0
3.6477381084114313    1.2790000438690186
3.665191400796175    1.2669999599456787
3.6826446931809187    1.2649999856948853
3.7000979855656624    1.3029999732971191
3.717551277950406    0.0
3.7350045703351498    0.0
3.7524578627198935    0.0
3.769911155104637    0.0
3.787364447489381    0.0
3.8048177398741245    0.0
3.822271032258868    0.0
3.839724324643612    0.0
3.8571776170283556    0.0
3.8746309094130993    0.0
3.892084201797843    0.0
3.9095374941825867    0.0
3.9269907865673304    0.0
3.944444078952074    0.0
3.9618973713368177    0.0
3.9793506637215614    0.0
3.996803956106305    0.0
4.014257248491049    0.0
4.0317105408757925    0.0
4.049163833260536    0.0
4.06661712564528    0.0
4.084070418030024    0.0
4.101523710414767    0.0
4.118977002799511    1.0420000553131104
4.136430295184255    1.0180000066757202
4.153883587568998    1.027999997138977
4.171336879953742    0.0
4.188790172338486    0.4580000042915344
4.206243464723229    0.4569999873638153
4.223696757107973    0.4560000002384186
4.241150049492717    0.45399999618530273
4.2586033418774605    0.4519999921321869
4.276056634262204    0.44999998807907104
4.293509926646948    0.4480000138282776
4.3109632190316916    0.44699999690055847
4.328416511416435    0.4449999928474426
4.345869803801179    0.4429999887943268
4.363323096185923    0.44200000166893005
4.380776388570666    0.4390000104904175
4.39822968095541    0.43799999356269836
4.415682973340154    0.43799999356269836
4.433136265724897    0.43700000643730164
4.450589558109641    0.4359999895095825
4.468042850494385    0.4359999895095825
4.4854961428791285    0.4359999895095825
4.502949435263872    0.4359999895095825
4.520402727648616    0.4359999895095825
4.5378560200333595    0.4359999895095825
4.555309312418103    0.43700000643730164
4.572762604802847    0.43700000643730164
4.590215897187591    0.43799999356269836
4.607669189572334    0.4390000104904175
4.625122481957078    0.4399999976158142
4.642575774341822    0.4410000145435333
4.660029066726565    0.44200000166893005
4.677482359111309    0.4429999887943268
4.694935651496053    0.4440000057220459
4.712388943880796    0.4449999928474426
4.72984223626554    0.44699999690055847
4.747295528650284    0.44999998807907104
4.7647488210350275    0.4519999921321869
4.782202113419771    0.45399999618530273
4.799655405804515    0.45500001311302185
4.817108698189259    0.4569999873638153
4.834561990574002    0.45899999141693115
4.852015282958746    0.460999995470047
4.86946857534349    0.460999995470047
4.886921867728233    0.0
4.904375160112977    2.8540000915527344
4.921828452497721    2.8420000076293945
4.939281744882464    2.8380000591278076
4.956735037267208    2.8540000915527344
4.974188329651952    2.865999937057495
4.9916416220366955    2.8970000743865967
5.009094914421439    2.9159998893737793
5.026548206806183    2.9570000171661377
5.0440014991909266    2.9619998931884766
5.06145479157567    2.943000078201294
5.078908083960414    2.992000102996826
5.096361376345158    3.0239999294281006
5.113814668729901    3.0439999103546143
5.131267961114645    3.075000047683716
5.148721253499389    3.078000068664551
5.166174545884132    3.121000051498413
5.183627838268876    3.1530001163482666
5.20108113065362    3.1670000553131104
5.2185344230383635    3.2219998836517334
5.235987715423107    3.2279999256134033
5.253441007807851    3.2820000648498535
5.2708943001925945    3.3469998836517334
5.288347592577338    3.3469998836517334
5.305800884962082    3.372999906539917
5.323254177346826    3.4260001182556152
5.340707469731569    3.497999906539917
5.358160762116313    3.5339999198913574
5.375614054501057    3.5980000495910645
5.3930673468858    3.753000020980835
5.410520639270544    3.802000045776367
5.427973931655288    3.7860000133514404
5.445427224040031    3.944999933242798
5.462880516424775    1.9429999589920044
5.480333808809519    1.9249999523162842
5.4977871011942625    1.9149999618530273
5.515240393579006    0.0
5.53269368596375    0.0
5.550146978348494    2.2300000190734863
5.567600270733237    2.0840001106262207
5.585053563117981    2.1080000400543213
5.602506855502725    0.0
5.619960147887468    0.0
5.637413440272212    0.0
5.654866732656956    0.0
5.
